event_id,employee_id,absence_type,start_date,end_date,days,status,bucket_id,note
EV-00001,PL-0001,annual_leave,2024-03-19,2024-03-21,3.0,approved,annual_leave,
EV-00002,PL-0001,annual_leave,2024-11-15,2024-11-15,1.0,approved,annual_leave,
EV-00003,PL-0001,annual_leave,2024-05-02,2024-05-06,5.0,approved,annual_leave,
EV-00004,PL-0001,annual_leave,2024-12-04,2024-12-13,10.0,approved,annual_leave,
EV-00005,PL-0001,annual_leave,2024-10-16,2024-10-16,1.0,approved,annual_leave,
EV-00006,PL-0001,annual_leave,2024-04-02,2024-04-04,3.0,approved,annual_leave,
EV-00007,PL-0001,annual_leave,2025-11-12,2025-11-16,5.0,approved,annual_leave,
EV-00008,PL-0001,annual_leave,2025-12-12,2025-12-16,5.0,approved,annual_leave,
EV-00009,PL-0001,annual_leave,2025-08-13,2025-08-15,3.0,approved,annual_leave,
EV-00010,PL-0001,annual_leave,2025-06-11,2025-06-13,3.0,approved,annual_leave,
EV-00011,PL-0001,annual_leave,2025-01-03,2025-01-03,1.0,approved,annual_leave,
EV-00012,PL-0001,annual_leave,2025-04-04,2025-04-05,2.0,approved,annual_leave,
EV-00013,PL-0001,annual_leave,2025-02-01,2025-02-03,3.0,approved,annual_leave,
EV-00014,PL-0001,annual_leave,2026-01-12,2026-01-13,2.0,approved,annual_leave,
EV-00015,PL-0001,annual_leave,2026-02-03,2026-02-07,5.0,approved,annual_leave,
EV-00016,PL-0001,annual_leave,2026-04-06,2026-04-09,4.0,approved,annual_leave,
EV-00017,PL-0002,annual_leave,2024-03-10,2024-03-12,3.0,approved,annual_leave,
EV-00018,PL-0002,annual_leave,2024-10-09,2024-10-13,5.0,approved,annual_leave,
EV-00019,PL-0002,annual_leave,2024-01-02,2024-01-06,5.0,approved,annual_leave,
EV-00020,PL-0002,annual_leave,2024-05-05,2024-05-05,1.0,approved,annual_leave,
EV-00021,PL-0002,annual_leave,2024-11-20,2024-11-26,7.0,approved,annual_leave,
EV-00022,PL-0002,annual_leave,2025-01-15,2025-01-16,2.0,approved,annual_leave,
EV-00023,PL-0002,annual_leave,2025-09-14,2025-09-15,2.0,approved,annual_leave,
EV-00024,PL-0002,annual_leave,2025-01-17,2025-01-21,5.0,approved,annual_leave,
EV-00025,PL-0002,annual_leave,2025-01-09,2025-01-10,2.0,approved,annual_leave,
EV-00026,PL-0002,annual_leave,2025-05-18,2025-05-22,5.0,approved,annual_leave,
EV-00027,PL-0002,annual_leave,2025-11-15,2025-11-19,5.0,approved,annual_leave,
EV-00028,PL-0002,annual_leave,2025-08-03,2025-08-04,2.0,approved,annual_leave,
EV-00029,PL-0002,annual_leave,2025-01-07,2025-01-07,1.0,approved,annual_leave,
EV-00030,PL-0002,annual_leave,2026-01-09,2026-01-09,1.0,approved,annual_leave,
EV-00031,PL-0002,annual_leave,2026-03-12,2026-03-13,2.0,approved,annual_leave,
EV-00032,PL-0002,annual_leave,2026-05-06,2026-05-06,1.0,approved,annual_leave,
EV-00033,PL-0002,annual_leave,2026-03-18,2026-03-20,3.0,approved,annual_leave,
EV-00034,PL-0002,annual_leave,2026-01-20,2026-01-23,4.0,approved,annual_leave,
EV-00035,PL-0002,annual_leave,2026-01-15,2026-01-15,1.0,approved,annual_leave,
EV-00036,PL-0003,annual_leave,2024-09-18,2024-09-22,5.0,approved,annual_leave,
EV-00037,PL-0003,annual_leave,2024-07-01,2024-07-01,1.0,approved,annual_leave,
EV-00038,PL-0003,annual_leave,2024-09-01,2024-09-10,10.0,approved,annual_leave,
EV-00039,PL-0003,annual_leave,2024-04-18,2024-04-18,1.0,approved,annual_leave,
EV-00040,PL-0003,annual_leave,2024-02-03,2024-02-03,1.0,approved,annual_leave,
EV-00041,PL-0003,annual_leave,2024-12-15,2024-12-15,1.0,approved,annual_leave,
EV-00042,PL-0003,annual_leave,2025-04-03,2025-04-03,1.0,approved,annual_leave,
EV-00043,PL-0003,annual_leave,2025-08-08,2025-08-08,1.0,approved,annual_leave,
EV-00044,PL-0003,annual_leave,2025-02-09,2025-02-18,10.0,approved,annual_leave,
EV-00045,PL-0003,annual_leave,2025-03-20,2025-03-20,1.0,approved,annual_leave,
EV-00046,PL-0003,annual_leave,2025-02-08,2025-02-12,5.0,approved,annual_leave,
EV-00047,PL-0003,annual_leave,2025-12-11,2025-12-11,1.0,approved,annual_leave,
EV-00048,PL-0003,annual_leave,2025-12-03,2025-12-03,1.0,approved,annual_leave,
EV-00049,PL-0003,annual_leave,2026-07-05,2026-07-06,2.0,approved,annual_leave,
EV-00050,PL-0003,annual_leave,2026-03-20,2026-03-21,2.0,approved,annual_leave,
EV-00051,PL-0003,annual_leave,2026-03-16,2026-03-18,3.0,approved,annual_leave,
EV-00052,PL-0003,annual_leave,2026-05-06,2026-05-08,3.0,approved,annual_leave,
EV-00053,PL-0003,annual_leave,2026-04-17,2026-04-20,4.0,approved,annual_leave,
EV-00054,PL-0003,annual_leave,2026-12-01,2026-12-04,4.0,approved,annual_leave,booked ahead
EV-00055,PL-0004,annual_leave,2024-06-20,2024-06-21,2.0,approved,annual_leave,
EV-00056,PL-0004,annual_leave,2024-06-20,2024-06-24,5.0,approved,annual_leave,
EV-00057,PL-0004,annual_leave,2024-02-09,2024-02-09,1.0,approved,annual_leave,
EV-00058,PL-0004,annual_leave,2024-11-13,2024-11-17,5.0,approved,annual_leave,
EV-00059,PL-0004,annual_leave,2024-11-03,2024-11-04,2.0,approved,annual_leave,
EV-00060,PL-0004,annual_leave,2024-08-11,2024-08-13,3.0,approved,annual_leave,
EV-00061,PL-0004,annual_leave,2024-07-16,2024-07-16,1.0,approved,annual_leave,
EV-00062,PL-0004,annual_leave,2025-10-18,2025-10-19,2.0,approved,annual_leave,
EV-00063,PL-0004,annual_leave,2025-04-10,2025-04-10,1.0,approved,annual_leave,
EV-00064,PL-0004,annual_leave,2025-03-12,2025-03-16,5.0,approved,annual_leave,
EV-00065,PL-0004,annual_leave,2025-01-06,2025-01-06,1.0,approved,annual_leave,
EV-00066,PL-0004,annual_leave,2025-04-18,2025-04-22,5.0,approved,annual_leave,
EV-00067,PL-0004,annual_leave,2025-08-17,2025-08-21,5.0,approved,annual_leave,
EV-00068,PL-0004,annual_leave,2025-06-12,2025-06-13,2.0,approved,annual_leave,
EV-00069,PL-0004,annual_leave,2025-07-11,2025-07-11,1.0,approved,annual_leave,
EV-00070,PL-0004,annual_leave,2026-04-01,2026-04-01,1.0,approved,annual_leave,
EV-00071,PL-0004,annual_leave,2026-04-06,2026-04-07,2.0,approved,annual_leave,
EV-00072,PL-0004,annual_leave,2026-06-14,2026-06-15,2.0,approved,annual_leave,
EV-00073,PL-0004,annual_leave,2026-07-04,2026-07-05,2.0,approved,annual_leave,
EV-00074,PL-0004,annual_leave,2026-04-20,2026-04-27,8.0,approved,annual_leave,
EV-00075,NL-0001,annual_leave,2024-05-09,2024-05-13,5.0,approved,statutory,
EV-00076,NL-0001,annual_leave,2024-03-03,2024-03-03,1.0,approved,statutory,
EV-00077,NL-0001,annual_leave,2024-06-10,2024-06-12,3.0,approved,statutory,
EV-00078,NL-0001,annual_leave,2024-09-03,2024-09-03,1.0,approved,statutory,
EV-00079,NL-0001,annual_leave,2024-07-20,2024-07-21,2.0,approved,statutory,
EV-00080,NL-0001,annual_leave,2024-01-19,2024-01-19,1.0,approved,statutory,
EV-00081,NL-0001,annual_leave,2024-09-20,2024-09-20,1.0,approved,statutory,
EV-00082,NL-0001,annual_leave,2024-03-19,2024-03-19,1.0,approved,statutory,
EV-00083,NL-0001,annual_leave,2024-12-16,2024-12-16,1.0,approved,statutory,
EV-00084,NL-0001,annual_leave,2024-04-18,2024-04-19,2.0,approved,supplementary,
EV-00085,NL-0001,annual_leave,2024-03-06,2024-03-06,1.0,approved,supplementary,
EV-00086,NL-0001,annual_leave,2024-07-18,2024-07-18,1.0,approved,supplementary,
EV-00087,NL-0001,annual_leave,2024-03-02,2024-03-02,1.0,approved,supplementary,
EV-00088,NL-0001,annual_leave,2025-09-20,2025-09-24,5.0,approved,statutory,
EV-00089,NL-0001,annual_leave,2025-02-01,2025-02-03,3.0,approved,statutory,
EV-00090,NL-0001,annual_leave,2025-10-01,2025-10-01,1.0,approved,statutory,
EV-00091,NL-0001,annual_leave,2025-10-10,2025-10-10,1.0,approved,statutory,
EV-00092,NL-0001,annual_leave,2025-09-16,2025-09-17,2.0,approved,statutory,
EV-00093,NL-0001,annual_leave,2025-04-10,2025-04-12,3.0,approved,statutory,
EV-00094,NL-0001,annual_leave,2025-12-10,2025-12-13,4.0,approved,statutory,
EV-00095,NL-0001,annual_leave,2025-02-16,2025-02-18,3.0,approved,supplementary,
EV-00096,NL-0001,annual_leave,2025-05-08,2025-05-08,1.0,approved,supplementary,
EV-00097,NL-0001,annual_leave,2025-03-18,2025-03-18,1.0,approved,supplementary,
EV-00098,NL-0001,annual_leave,2026-05-12,2026-05-16,5.0,approved,statutory,
EV-00099,NL-0001,annual_leave,2026-05-03,2026-05-04,2.0,approved,statutory,
EV-00100,NL-0001,annual_leave,2026-05-03,2026-05-03,1.0,approved,statutory,
EV-00101,NL-0001,annual_leave,2026-06-01,2026-06-01,1.0,approved,statutory,
EV-00102,NL-0001,annual_leave,2026-03-12,2026-03-12,1.0,approved,statutory,
EV-00103,NL-0001,annual_leave,2026-01-04,2026-01-04,1.0,approved,supplementary,
EV-00104,NL-0001,annual_leave,2026-01-01,2026-01-01,1.0,approved,supplementary,
EV-00105,NL-0002,annual_leave,2024-11-13,2024-11-22,10.0,approved,statutory,
EV-00106,NL-0002,annual_leave,2024-11-11,2024-11-18,8.0,approved,statutory,
EV-00107,NL-0002,annual_leave,2024-05-06,2024-05-06,1.0,approved,statutory,
EV-00108,NL-0002,annual_leave,2024-08-19,2024-08-21,3.0,approved,supplementary,
EV-00109,NL-0002,annual_leave,2024-03-01,2024-03-01,1.0,approved,supplementary,
EV-00110,NL-0002,annual_leave,2025-05-06,2025-05-07,2.0,approved,statutory,
EV-00111,NL-0002,annual_leave,2025-03-13,2025-03-13,1.0,approved,statutory,
EV-00112,NL-0002,annual_leave,2025-08-20,2025-08-20,1.0,approved,statutory,
EV-00113,NL-0002,annual_leave,2025-10-04,2025-10-08,5.0,approved,statutory,
EV-00114,NL-0002,annual_leave,2025-02-06,2025-02-07,2.0,approved,statutory,
EV-00115,NL-0002,annual_leave,2025-12-01,2025-12-03,3.0,approved,statutory,
EV-00116,NL-0002,annual_leave,2025-06-18,2025-06-18,1.0,approved,statutory,
EV-00117,NL-0002,annual_leave,2025-10-15,2025-10-15,1.0,approved,supplementary,
EV-00118,NL-0002,annual_leave,2025-11-13,2025-11-13,1.0,approved,supplementary,
EV-00119,NL-0002,annual_leave,2025-01-20,2025-01-21,2.0,approved,supplementary,
EV-00120,NL-0002,annual_leave,2026-02-12,2026-02-21,10.0,approved,statutory,
EV-00121,NL-0002,annual_leave,2026-04-12,2026-04-12,1.0,approved,statutory,
EV-00122,NL-0002,annual_leave,2026-07-03,2026-07-05,3.0,approved,supplementary,
EV-00123,IN-0001,annual_leave,2024-07-03,2024-07-05,3.0,approved,earned_leave,
EV-00124,IN-0001,annual_leave,2024-07-04,2024-07-08,5.0,approved,earned_leave,
EV-00125,IN-0001,annual_leave,2024-06-07,2024-06-09,3.0,approved,earned_leave,
EV-00126,IN-0001,annual_leave,2024-02-14,2024-02-14,1.0,approved,earned_leave,
EV-00127,IN-0001,special_leave,2024-05-06,2024-05-07,2.0,approved,casual_leave,
EV-00128,IN-0001,special_leave,2024-08-05,2024-08-05,1.0,approved,casual_leave,
EV-00129,IN-0001,special_leave,2024-04-02,2024-04-02,1.0,approved,casual_leave,
EV-00130,IN-0001,special_leave,2024-08-16,2024-08-18,3.0,approved,casual_leave,
EV-00131,IN-0001,special_leave,2024-08-15,2024-08-16,2.0,approved,casual_leave,
EV-00132,IN-0001,sick_leave,2024-02-09,2024-02-13,5.0,approved,sick_leave,
EV-00133,IN-0001,sick_leave,2024-10-06,2024-10-06,1.0,approved,sick_leave,
EV-00134,IN-0001,annual_leave,2025-01-10,2025-01-14,5.0,approved,earned_leave,
EV-00135,IN-0001,annual_leave,2025-01-05,2025-01-05,1.0,approved,earned_leave,
EV-00136,IN-0001,annual_leave,2025-04-11,2025-04-11,1.0,approved,earned_leave,
EV-00137,IN-0001,annual_leave,2025-08-07,2025-08-08,2.0,approved,earned_leave,
EV-00138,IN-0001,annual_leave,2025-11-03,2025-11-05,3.0,approved,earned_leave,
EV-00139,IN-0001,annual_leave,2025-07-11,2025-07-11,1.0,approved,earned_leave,
EV-00140,IN-0001,special_leave,2025-12-17,2025-12-21,5.0,approved,casual_leave,
EV-00141,IN-0001,special_leave,2025-03-17,2025-03-17,1.0,approved,casual_leave,
EV-00142,IN-0001,sick_leave,2025-03-14,2025-03-15,2.0,approved,sick_leave,
EV-00143,IN-0001,sick_leave,2025-03-05,2025-03-05,1.0,approved,sick_leave,
EV-00144,IN-0001,sick_leave,2025-05-02,2025-05-02,1.0,approved,sick_leave,
EV-00145,IN-0001,annual_leave,2026-02-03,2026-02-04,2.0,approved,earned_leave,
EV-00146,IN-0001,annual_leave,2026-03-12,2026-03-12,1.0,approved,earned_leave,
EV-00147,IN-0001,annual_leave,2026-01-04,2026-01-05,2.0,approved,earned_leave,
EV-00148,IN-0001,annual_leave,2026-05-11,2026-05-15,5.0,approved,earned_leave,
EV-00149,IN-0001,annual_leave,2026-06-13,2026-06-13,1.0,approved,earned_leave,
EV-00150,IN-0001,special_leave,2026-05-16,2026-05-20,5.0,approved,casual_leave,
EV-00151,IN-0001,special_leave,2026-01-08,2026-01-08,1.0,approved,casual_leave,
EV-00152,IN-0001,sick_leave,2026-08-11,2026-08-11,1.0,approved,sick_leave,
EV-00153,IN-0001,sick_leave,2026-08-11,2026-08-11,1.0,approved,sick_leave,
EV-00154,IN-0001,annual_leave,2026-11-14,2026-11-17,4.0,approved,earned_leave,booked ahead
EV-00155,IN-0002,annual_leave,2024-07-20,2024-07-21,2.0,approved,earned_leave,
EV-00156,IN-0002,annual_leave,2024-02-03,2024-02-04,2.0,approved,earned_leave,
EV-00157,IN-0002,annual_leave,2024-09-08,2024-09-12,5.0,approved,earned_leave,
EV-00158,IN-0002,annual_leave,2024-10-01,2024-10-01,1.0,approved,earned_leave,
EV-00159,IN-0002,annual_leave,2024-12-16,2024-12-16,1.0,approved,earned_leave,
EV-00160,IN-0002,annual_leave,2024-02-05,2024-02-08,4.0,approved,earned_leave,
EV-00161,IN-0002,special_leave,2024-05-04,2024-05-08,5.0,approved,casual_leave,
EV-00162,IN-0002,special_leave,2024-03-11,2024-03-13,3.0,approved,casual_leave,
EV-00163,IN-0002,special_leave,2024-12-05,2024-12-05,1.0,approved,casual_leave,
EV-00164,IN-0002,sick_leave,2024-07-14,2024-07-15,2.0,approved,sick_leave,
EV-00165,IN-0002,sick_leave,2024-06-20,2024-06-21,2.0,approved,sick_leave,
EV-00166,IN-0002,sick_leave,2024-01-02,2024-01-03,2.0,approved,sick_leave,
EV-00167,IN-0002,sick_leave,2024-07-02,2024-07-03,2.0,approved,sick_leave,
EV-00168,IN-0002,annual_leave,2025-09-01,2025-09-01,1.0,approved,earned_leave,
EV-00169,IN-0002,annual_leave,2025-01-04,2025-01-05,2.0,approved,earned_leave,
EV-00170,IN-0002,annual_leave,2025-02-17,2025-02-17,1.0,approved,earned_leave,
EV-00171,IN-0002,annual_leave,2025-01-15,2025-01-17,3.0,approved,earned_leave,
EV-00172,IN-0002,annual_leave,2025-01-07,2025-01-08,2.0,approved,earned_leave,
EV-00173,IN-0002,annual_leave,2025-10-16,2025-10-16,1.0,approved,earned_leave,
EV-00174,IN-0002,annual_leave,2025-06-04,2025-06-04,1.0,approved,earned_leave,
EV-00175,IN-0002,annual_leave,2025-12-10,2025-12-10,1.0,approved,earned_leave,
EV-00176,IN-0002,annual_leave,2025-09-07,2025-09-07,1.0,approved,earned_leave,
EV-00177,IN-0002,special_leave,2025-07-02,2025-07-11,10.0,approved,casual_leave,
EV-00178,IN-0002,sick_leave,2025-03-05,2025-03-05,1.0,approved,sick_leave,
EV-00179,IN-0002,sick_leave,2025-07-10,2025-07-16,7.0,approved,sick_leave,
EV-00180,IN-0002,annual_leave,2026-03-15,2026-03-15,1.0,approved,earned_leave,
EV-00181,IN-0002,annual_leave,2026-06-09,2026-06-10,2.0,approved,earned_leave,
EV-00182,IN-0002,annual_leave,2026-05-11,2026-05-12,2.0,approved,earned_leave,
EV-00183,IN-0002,annual_leave,2026-02-03,2026-02-05,3.0,approved,earned_leave,
EV-00184,IN-0002,annual_leave,2026-06-16,2026-06-16,1.0,approved,earned_leave,
EV-00185,IN-0002,special_leave,2026-03-17,2026-03-19,3.0,approved,casual_leave,
EV-00186,IN-0002,sick_leave,2026-01-13,2026-01-14,2.0,approved,sick_leave,
EV-00187,IN-0002,sick_leave,2026-06-09,2026-06-10,2.0,approved,sick_leave,
EV-00188,IN-0002,sick_leave,2026-07-14,2026-07-14,1.0,approved,sick_leave,
EV-00189,IN-0002,annual_leave,2026-10-06,2026-10-09,4.0,approved,earned_leave,booked ahead
EV-00190,US-0001,annual_leave,2024-01-14,2024-01-18,5.0,approved,pto,
EV-00191,US-0001,annual_leave,2024-11-03,2024-11-07,5.0,approved,pto,
EV-00192,US-0001,annual_leave,2024-12-07,2024-12-07,1.0,approved,pto,
EV-00193,US-0001,annual_leave,2024-06-08,2024-06-08,1.0,approved,pto,
EV-00194,US-0001,annual_leave,2025-04-12,2025-04-13,2.0,approved,pto,
EV-00195,US-0001,annual_leave,2025-05-04,2025-05-04,1.0,approved,pto,
EV-00196,US-0001,annual_leave,2025-06-08,2025-06-12,5.0,approved,pto,
EV-00197,US-0001,annual_leave,2025-10-10,2025-10-10,1.0,approved,pto,
EV-00198,US-0001,annual_leave,2025-08-19,2025-08-20,2.0,approved,pto,
EV-00199,US-0001,annual_leave,2025-07-14,2025-07-14,1.0,approved,pto,
EV-00200,US-0001,annual_leave,2026-05-16,2026-05-16,1.0,approved,pto,
EV-00201,US-0001,annual_leave,2026-04-07,2026-04-07,1.0,approved,pto,
EV-00202,US-0001,annual_leave,2026-05-07,2026-05-11,5.0,approved,pto,
EV-00203,US-0001,annual_leave,2026-03-02,2026-03-02,1.0,approved,pto,
EV-00204,US-0002,annual_leave,2024-12-08,2024-12-10,3.0,approved,pto,
EV-00205,US-0002,annual_leave,2024-02-02,2024-02-04,3.0,approved,pto,
EV-00206,US-0002,annual_leave,2024-05-11,2024-05-18,8.0,approved,pto,
EV-00207,US-0002,annual_leave,2025-07-06,2025-07-10,5.0,approved,pto,
EV-00208,US-0002,annual_leave,2025-08-13,2025-08-13,1.0,approved,pto,
EV-00209,US-0002,annual_leave,2025-09-15,2025-09-19,5.0,approved,pto,
EV-00210,US-0002,annual_leave,2025-07-10,2025-07-10,1.0,approved,pto,
EV-00211,US-0002,annual_leave,2025-12-17,2025-12-17,1.0,approved,pto,
EV-00212,US-0002,annual_leave,2026-03-19,2026-03-19,1.0,approved,pto,
EV-00213,US-0002,annual_leave,2026-01-05,2026-01-05,1.0,approved,pto,
EV-00214,US-0002,annual_leave,2026-06-09,2026-06-13,5.0,approved,pto,
EV-00215,US-0002,annual_leave,2026-12-02,2026-12-05,4.0,approved,pto,booked ahead
EV-00216,IE-0001,annual_leave,2024-03-16,2024-03-18,3.0,approved,annual_leave,
EV-00217,IE-0001,annual_leave,2024-06-03,2024-06-07,5.0,approved,annual_leave,
EV-00218,IE-0001,annual_leave,2024-12-20,2024-12-23,4.0,approved,annual_leave,
EV-00219,IE-0001,annual_leave,2024-02-02,2024-02-02,1.0,approved,annual_leave,
EV-00220,IE-0001,annual_leave,2025-07-12,2025-07-21,10.0,approved,annual_leave,
EV-00221,IE-0001,annual_leave,2025-09-12,2025-09-16,5.0,approved,annual_leave,
EV-00222,IE-0001,annual_leave,2026-04-13,2026-04-13,1.0,approved,annual_leave,
EV-00223,IE-0001,annual_leave,2026-06-16,2026-06-17,2.0,approved,annual_leave,
EV-00224,IE-0001,annual_leave,2026-02-15,2026-02-22,8.0,approved,annual_leave,
EV-00225,IE-0001,annual_leave,2026-08-09,2026-08-09,1.0,approved,annual_leave,
EV-00226,IE-0002,annual_leave,2024-05-15,2024-05-16,2.0,approved,annual_leave,
EV-00227,IE-0002,annual_leave,2024-11-03,2024-11-07,5.0,approved,annual_leave,
EV-00228,IE-0002,annual_leave,2024-03-11,2024-03-15,5.0,approved,annual_leave,
EV-00229,IE-0002,annual_leave,2024-02-03,2024-02-03,1.0,approved,annual_leave,
EV-00230,IE-0002,annual_leave,2025-12-05,2025-12-06,2.0,approved,annual_leave,
EV-00231,IE-0002,annual_leave,2025-12-08,2025-12-12,5.0,approved,annual_leave,
EV-00232,IE-0002,annual_leave,2025-03-14,2025-03-23,10.0,approved,annual_leave,
EV-00233,IE-0002,annual_leave,2025-05-19,2025-05-19,1.0,approved,annual_leave,
EV-00234,IE-0002,annual_leave,2026-01-14,2026-01-18,5.0,approved,annual_leave,
EV-00235,IE-0002,annual_leave,2026-05-20,2026-05-22,3.0,approved,annual_leave,
EV-00236,IE-0002,annual_leave,2026-11-20,2026-11-23,4.0,approved,annual_leave,booked ahead
EV-00237,DE-0001,annual_leave,2024-09-07,2024-09-09,3.0,approved,statutory,
EV-00238,DE-0001,annual_leave,2024-09-11,2024-09-20,10.0,approved,statutory,
EV-00239,DE-0001,annual_leave,2024-09-09,2024-09-10,2.0,approved,statutory,
EV-00240,DE-0001,annual_leave,2024-08-19,2024-08-20,2.0,approved,statutory,
EV-00241,DE-0001,annual_leave,2024-03-09,2024-03-09,1.0,approved,statutory,
EV-00242,DE-0001,annual_leave,2024-12-15,2024-12-15,1.0,approved,statutory,
EV-00243,DE-0001,annual_leave,2024-02-03,2024-02-03,1.0,approved,statutory,
EV-00244,DE-0001,annual_leave,2024-03-01,2024-03-02,2.0,approved,contractual,
EV-00245,DE-0001,annual_leave,2024-09-04,2024-09-05,2.0,approved,contractual,
EV-00246,DE-0001,annual_leave,2024-05-10,2024-05-10,1.0,approved,contractual,
EV-00247,DE-0001,annual_leave,2024-09-17,2024-09-17,1.0,approved,contractual,
EV-00248,DE-0001,annual_leave,2025-07-04,2025-07-04,1.0,approved,statutory,
EV-00249,DE-0001,annual_leave,2025-08-06,2025-08-07,2.0,approved,statutory,
EV-00250,DE-0001,annual_leave,2025-08-05,2025-08-07,3.0,approved,statutory,
EV-00251,DE-0001,annual_leave,2025-09-03,2025-09-03,1.0,approved,statutory,
EV-00252,DE-0001,annual_leave,2025-01-15,2025-01-15,1.0,approved,statutory,
EV-00253,DE-0001,annual_leave,2025-02-02,2025-02-04,3.0,approved,statutory,
EV-00254,DE-0001,annual_leave,2025-10-03,2025-10-07,5.0,approved,statutory,
EV-00255,DE-0001,annual_leave,2025-10-14,2025-10-18,5.0,approved,contractual,
EV-00256,DE-0001,annual_leave,2025-03-10,2025-03-11,2.0,approved,contractual,
EV-00257,DE-0001,annual_leave,2026-07-02,2026-07-06,5.0,approved,statutory,
EV-00258,DE-0001,annual_leave,2026-07-16,2026-07-20,5.0,approved,statutory,
EV-00259,DE-0001,annual_leave,2026-03-03,2026-03-03,1.0,approved,statutory,
EV-00260,DE-0001,annual_leave,2026-04-02,2026-04-03,2.0,approved,contractual,
EV-00261,DE-0001,annual_leave,2026-05-16,2026-05-16,1.0,approved,contractual,
EV-00262,DE-0002,annual_leave,2024-10-11,2024-10-11,1.0,approved,statutory,
EV-00263,DE-0002,annual_leave,2024-10-09,2024-10-10,2.0,approved,statutory,
EV-00264,DE-0002,annual_leave,2024-12-06,2024-12-06,1.0,approved,contractual,
EV-00265,DE-0002,annual_leave,2024-11-04,2024-11-04,1.0,approved,contractual,
EV-00266,DE-0002,annual_leave,2025-08-04,2025-08-08,5.0,approved,statutory,
EV-00267,DE-0002,annual_leave,2025-09-11,2025-09-19,9.0,approved,statutory,
EV-00268,DE-0002,annual_leave,2025-02-17,2025-02-17,1.0,approved,statutory,
EV-00269,DE-0002,annual_leave,2025-10-03,2025-10-07,5.0,approved,contractual,
EV-00270,DE-0002,annual_leave,2025-09-02,2025-09-02,1.0,approved,contractual,
EV-00271,DE-0002,annual_leave,2025-01-16,2025-01-16,1.0,approved,contractual,
EV-00272,DE-0002,annual_leave,2026-01-12,2026-01-12,1.0,approved,statutory,
EV-00273,DE-0002,annual_leave,2026-03-05,2026-03-14,10.0,approved,statutory,
EV-00274,DE-0002,annual_leave,2026-03-14,2026-03-14,1.0,approved,statutory,
EV-00275,DE-0002,annual_leave,2026-01-15,2026-01-17,3.0,approved,contractual,
EV-00276,DE-0002,annual_leave,2026-07-17,2026-07-17,1.0,approved,contractual,
EV-00277,DE-0002,annual_leave,2026-12-14,2026-12-17,4.0,approved,statutory,booked ahead
EV-00278,PL-0005,annual_leave,2024-11-20,2024-11-20,1.0,approved,annual_leave,
EV-00279,PL-0005,annual_leave,2024-05-20,2024-05-20,1.0,approved,annual_leave,
EV-00280,PL-0005,annual_leave,2024-12-07,2024-12-07,1.0,approved,annual_leave,
EV-00281,PL-0005,annual_leave,2024-06-01,2024-06-01,1.0,approved,annual_leave,
EV-00282,PL-0005,annual_leave,2024-01-20,2024-01-29,10.0,approved,annual_leave,
EV-00283,PL-0005,annual_leave,2024-02-02,2024-02-06,5.0,approved,annual_leave,
EV-00284,PL-0005,annual_leave,2024-03-16,2024-03-16,1.0,approved,annual_leave,
EV-00285,PL-0005,annual_leave,2024-09-06,2024-09-07,2.0,approved,annual_leave,
EV-00286,PL-0005,annual_leave,2024-12-04,2024-12-04,1.0,approved,annual_leave,
EV-00287,PL-0005,annual_leave,2024-05-09,2024-05-09,1.0,approved,annual_leave,
EV-00288,PL-0005,annual_leave,2025-01-06,2025-01-10,5.0,approved,annual_leave,
EV-00289,PL-0005,annual_leave,2025-09-04,2025-09-13,10.0,approved,annual_leave,
EV-00290,PL-0005,annual_leave,2025-05-13,2025-05-17,5.0,approved,annual_leave,
EV-00291,PL-0005,annual_leave,2025-06-14,2025-06-15,2.0,approved,annual_leave,
EV-00292,PL-0005,annual_leave,2026-02-07,2026-02-08,2.0,approved,annual_leave,
EV-00293,PL-0005,annual_leave,2026-07-12,2026-07-14,3.0,approved,annual_leave,
EV-00294,PL-0005,annual_leave,2026-04-16,2026-04-16,1.0,approved,annual_leave,
EV-00295,PL-0005,annual_leave,2026-08-12,2026-08-16,5.0,approved,annual_leave,
EV-00296,PL-0005,annual_leave,2026-12-17,2026-12-20,4.0,approved,annual_leave,booked ahead
EV-00297,PL-0006,annual_leave,2024-03-13,2024-03-13,1.0,approved,annual_leave,
EV-00298,PL-0006,annual_leave,2024-04-20,2024-04-21,2.0,approved,annual_leave,
EV-00299,PL-0006,annual_leave,2024-01-20,2024-01-21,2.0,approved,annual_leave,
EV-00300,PL-0006,annual_leave,2024-06-19,2024-06-20,2.0,approved,annual_leave,
EV-00301,PL-0006,annual_leave,2024-07-16,2024-07-16,1.0,approved,annual_leave,
EV-00302,PL-0006,annual_leave,2024-03-02,2024-03-03,2.0,approved,annual_leave,
EV-00303,PL-0006,annual_leave,2024-09-09,2024-09-11,3.0,approved,annual_leave,
EV-00304,PL-0006,annual_leave,2024-06-02,2024-06-04,3.0,approved,annual_leave,
EV-00305,PL-0006,annual_leave,2024-03-01,2024-03-01,1.0,approved,annual_leave,
EV-00306,PL-0006,annual_leave,2024-08-09,2024-08-09,1.0,approved,annual_leave,
EV-00307,PL-0006,annual_leave,2024-06-19,2024-06-19,1.0,approved,annual_leave,
EV-00308,PL-0006,annual_leave,2025-03-07,2025-03-09,3.0,approved,annual_leave,
EV-00309,PL-0006,annual_leave,2025-05-20,2025-05-22,3.0,approved,annual_leave,
EV-00310,PL-0006,annual_leave,2025-06-02,2025-06-02,1.0,approved,annual_leave,
EV-00311,PL-0006,annual_leave,2025-11-06,2025-11-10,5.0,approved,annual_leave,
EV-00312,PL-0006,annual_leave,2025-01-01,2025-01-05,5.0,approved,annual_leave,
EV-00313,PL-0006,annual_leave,2025-06-09,2025-06-09,1.0,approved,annual_leave,
EV-00314,PL-0006,annual_leave,2025-01-17,2025-01-18,2.0,approved,annual_leave,
EV-00315,PL-0006,annual_leave,2025-03-06,2025-03-07,2.0,approved,annual_leave,
EV-00316,PL-0006,annual_leave,2025-02-06,2025-02-06,1.0,approved,annual_leave,
EV-00317,PL-0006,annual_leave,2026-05-14,2026-05-16,3.0,approved,annual_leave,
EV-00318,PL-0006,annual_leave,2026-03-18,2026-03-25,8.0,approved,annual_leave,
EV-00319,PL-0007,annual_leave,2024-05-12,2024-05-13,2.0,approved,annual_leave,
EV-00320,PL-0007,annual_leave,2024-12-08,2024-12-09,2.0,approved,annual_leave,
EV-00321,PL-0007,annual_leave,2024-09-04,2024-09-05,2.0,approved,annual_leave,
EV-00322,PL-0007,annual_leave,2024-08-11,2024-08-15,5.0,approved,annual_leave,
EV-00323,PL-0007,annual_leave,2024-10-02,2024-10-03,2.0,approved,annual_leave,
EV-00324,PL-0007,annual_leave,2024-11-19,2024-11-19,1.0,approved,annual_leave,
EV-00325,PL-0007,annual_leave,2025-09-07,2025-09-11,5.0,approved,annual_leave,
EV-00326,PL-0007,annual_leave,2025-09-11,2025-09-11,1.0,approved,annual_leave,
EV-00327,PL-0007,annual_leave,2025-06-10,2025-06-10,1.0,approved,annual_leave,
EV-00328,PL-0007,annual_leave,2025-03-15,2025-03-15,1.0,approved,annual_leave,
EV-00329,PL-0007,annual_leave,2025-11-01,2025-11-01,1.0,approved,annual_leave,
EV-00330,PL-0007,annual_leave,2025-11-15,2025-11-16,2.0,approved,annual_leave,
EV-00331,PL-0007,annual_leave,2025-12-05,2025-12-14,10.0,approved,annual_leave,
EV-00332,PL-0007,annual_leave,2025-03-05,2025-03-05,1.0,approved,annual_leave,
EV-00333,PL-0007,annual_leave,2026-07-07,2026-07-11,5.0,approved,annual_leave,
EV-00334,PL-0007,annual_leave,2026-01-18,2026-01-18,1.0,approved,annual_leave,
EV-00335,PL-0007,annual_leave,2026-05-10,2026-05-10,1.0,approved,annual_leave,
EV-00336,PL-0007,annual_leave,2026-03-11,2026-03-14,4.0,approved,annual_leave,
EV-00337,PL-0008,annual_leave,2024-05-08,2024-05-17,10.0,approved,annual_leave,
EV-00338,PL-0008,annual_leave,2024-03-01,2024-03-02,2.0,approved,annual_leave,
EV-00339,PL-0008,annual_leave,2024-09-11,2024-09-11,1.0,approved,annual_leave,
EV-00340,PL-0008,annual_leave,2024-06-20,2024-06-20,1.0,approved,annual_leave,
EV-00341,PL-0008,annual_leave,2024-09-05,2024-09-06,2.0,approved,annual_leave,
EV-00342,PL-0008,annual_leave,2024-11-17,2024-11-17,1.0,approved,annual_leave,
EV-00343,PL-0008,annual_leave,2025-02-13,2025-02-13,1.0,approved,annual_leave,
EV-00344,PL-0008,annual_leave,2025-03-19,2025-03-19,1.0,approved,annual_leave,
EV-00345,PL-0008,annual_leave,2025-11-05,2025-11-09,5.0,approved,annual_leave,
EV-00346,PL-0008,annual_leave,2025-12-14,2025-12-15,2.0,approved,annual_leave,
EV-00347,PL-0008,annual_leave,2025-09-01,2025-09-02,2.0,approved,annual_leave,
EV-00348,PL-0008,annual_leave,2025-01-19,2025-01-19,1.0,approved,annual_leave,
EV-00349,PL-0008,annual_leave,2025-09-07,2025-09-07,1.0,approved,annual_leave,
EV-00350,PL-0008,annual_leave,2025-07-15,2025-07-16,2.0,approved,annual_leave,
EV-00351,PL-0008,annual_leave,2025-09-18,2025-09-18,1.0,approved,annual_leave,
EV-00352,PL-0008,annual_leave,2025-01-08,2025-01-12,5.0,approved,annual_leave,
EV-00353,PL-0008,annual_leave,2025-09-14,2025-09-14,1.0,approved,annual_leave,
EV-00354,PL-0008,annual_leave,2026-06-10,2026-06-10,1.0,approved,annual_leave,
EV-00355,PL-0008,annual_leave,2026-08-16,2026-08-18,3.0,approved,annual_leave,
EV-00356,PL-0008,annual_leave,2026-02-08,2026-02-14,7.0,approved,annual_leave,
EV-00357,PL-0009,annual_leave,2024-04-04,2024-04-04,1.0,approved,annual_leave,
EV-00358,PL-0009,annual_leave,2024-01-15,2024-01-19,5.0,approved,annual_leave,
EV-00359,PL-0009,annual_leave,2024-12-07,2024-12-09,3.0,approved,annual_leave,
EV-00360,PL-0009,annual_leave,2024-08-19,2024-08-20,2.0,approved,annual_leave,
EV-00361,PL-0009,annual_leave,2024-01-13,2024-01-17,5.0,approved,annual_leave,
EV-00362,PL-0009,annual_leave,2024-04-07,2024-04-07,1.0,approved,annual_leave,
EV-00363,PL-0009,annual_leave,2024-06-03,2024-06-03,1.0,approved,annual_leave,
EV-00364,PL-0009,annual_leave,2025-02-07,2025-02-07,1.0,approved,annual_leave,
EV-00365,PL-0009,annual_leave,2025-02-19,2025-02-28,10.0,approved,annual_leave,
EV-00366,PL-0009,annual_leave,2025-11-12,2025-11-12,1.0,approved,annual_leave,
EV-00367,PL-0009,annual_leave,2025-06-07,2025-06-08,2.0,approved,annual_leave,
EV-00368,PL-0009,annual_leave,2025-04-20,2025-04-24,5.0,approved,annual_leave,
EV-00369,PL-0009,annual_leave,2025-08-20,2025-08-20,1.0,approved,annual_leave,
EV-00370,PL-0009,annual_leave,2025-05-01,2025-05-01,1.0,approved,annual_leave,
EV-00371,PL-0009,annual_leave,2026-04-10,2026-04-19,10.0,approved,annual_leave,
EV-00372,PL-0009,annual_leave,2026-04-06,2026-04-06,1.0,approved,annual_leave,
EV-00373,PL-0009,annual_leave,2026-08-02,2026-08-02,1.0,approved,annual_leave,
EV-00374,PL-0009,annual_leave,2026-11-14,2026-11-17,4.0,approved,annual_leave,booked ahead
EV-00375,PL-0010,annual_leave,2024-09-15,2024-09-16,2.0,approved,annual_leave,
EV-00376,PL-0010,annual_leave,2024-04-15,2024-04-17,3.0,approved,annual_leave,
EV-00377,PL-0010,annual_leave,2024-07-17,2024-07-18,2.0,approved,annual_leave,
EV-00378,PL-0010,annual_leave,2024-04-18,2024-04-18,1.0,approved,annual_leave,
EV-00379,PL-0010,annual_leave,2024-07-03,2024-07-03,1.0,approved,annual_leave,
EV-00380,PL-0010,annual_leave,2024-02-09,2024-02-13,5.0,approved,annual_leave,
EV-00381,PL-0010,annual_leave,2024-03-05,2024-03-05,1.0,approved,annual_leave,
EV-00382,PL-0010,annual_leave,2024-01-12,2024-01-13,2.0,approved,annual_leave,
EV-00383,PL-0010,annual_leave,2024-07-06,2024-07-08,3.0,approved,annual_leave,
EV-00384,PL-0010,annual_leave,2025-09-02,2025-09-02,1.0,approved,annual_leave,
EV-00385,PL-0010,annual_leave,2025-07-14,2025-07-14,1.0,approved,annual_leave,
EV-00386,PL-0010,annual_leave,2025-01-09,2025-01-09,1.0,approved,annual_leave,
EV-00387,PL-0010,annual_leave,2025-08-10,2025-08-19,10.0,approved,annual_leave,
EV-00388,PL-0010,annual_leave,2025-06-17,2025-06-18,2.0,approved,annual_leave,
EV-00389,PL-0010,annual_leave,2025-01-09,2025-01-12,4.0,approved,annual_leave,
EV-00390,PL-0010,annual_leave,2026-01-11,2026-01-12,2.0,approved,annual_leave,
EV-00391,PL-0010,annual_leave,2026-02-07,2026-02-11,5.0,approved,annual_leave,
EV-00392,PL-0010,annual_leave,2026-05-14,2026-05-15,2.0,approved,annual_leave,
EV-00393,PL-0010,annual_leave,2026-01-05,2026-01-05,1.0,approved,annual_leave,
EV-00394,PL-0010,annual_leave,2026-01-09,2026-01-09,1.0,approved,annual_leave,
EV-00395,PL-0010,annual_leave,2026-12-01,2026-12-04,4.0,approved,annual_leave,booked ahead
EV-00396,PL-0011,annual_leave,2024-01-19,2024-01-19,1.0,approved,annual_leave,
EV-00397,PL-0011,annual_leave,2024-11-15,2024-11-15,1.0,approved,annual_leave,
EV-00398,PL-0011,annual_leave,2024-09-10,2024-09-10,1.0,approved,annual_leave,
EV-00399,PL-0011,annual_leave,2024-04-03,2024-04-05,3.0,approved,annual_leave,
EV-00400,PL-0011,annual_leave,2024-03-02,2024-03-03,2.0,approved,annual_leave,
EV-00401,PL-0011,annual_leave,2024-09-12,2024-09-12,1.0,approved,annual_leave,
EV-00402,PL-0011,annual_leave,2024-04-16,2024-04-18,3.0,approved,annual_leave,
EV-00403,PL-0011,annual_leave,2024-05-15,2024-05-15,1.0,approved,annual_leave,
EV-00404,PL-0011,annual_leave,2024-10-06,2024-10-08,3.0,approved,annual_leave,
EV-00405,PL-0011,annual_leave,2024-12-04,2024-12-04,1.0,approved,annual_leave,
EV-00406,PL-0011,annual_leave,2024-09-07,2024-09-11,5.0,approved,annual_leave,
EV-00407,PL-0011,annual_leave,2024-07-16,2024-07-16,1.0,approved,annual_leave,
EV-00408,PL-0011,annual_leave,2025-07-10,2025-07-12,3.0,approved,annual_leave,
EV-00409,PL-0011,annual_leave,2025-05-16,2025-05-17,2.0,approved,annual_leave,
EV-00410,PL-0011,annual_leave,2025-11-04,2025-11-04,1.0,approved,annual_leave,
EV-00411,PL-0011,annual_leave,2025-05-03,2025-05-04,2.0,approved,annual_leave,
EV-00412,PL-0011,annual_leave,2025-02-13,2025-02-13,1.0,approved,annual_leave,
EV-00413,PL-0011,annual_leave,2025-10-11,2025-10-15,5.0,approved,annual_leave,
EV-00414,PL-0011,annual_leave,2025-07-04,2025-07-04,1.0,approved,annual_leave,
EV-00415,PL-0011,annual_leave,2025-02-04,2025-02-08,5.0,approved,annual_leave,
EV-00416,PL-0011,annual_leave,2025-01-02,2025-01-04,3.0,approved,annual_leave,
EV-00417,PL-0011,annual_leave,2026-03-08,2026-03-08,1.0,approved,annual_leave,
EV-00418,PL-0011,annual_leave,2026-06-16,2026-06-20,5.0,approved,annual_leave,
EV-00419,PL-0011,annual_leave,2026-06-07,2026-06-08,2.0,approved,annual_leave,
EV-00420,PL-0011,annual_leave,2026-02-15,2026-02-19,5.0,approved,annual_leave,
EV-00421,PL-0011,annual_leave,2026-08-13,2026-08-13,1.0,approved,annual_leave,
EV-00422,PL-0011,annual_leave,2026-08-05,2026-08-05,1.0,approved,annual_leave,
EV-00423,PL-0012,annual_leave,2024-09-19,2024-09-20,2.0,approved,annual_leave,
EV-00424,PL-0012,annual_leave,2024-02-17,2024-02-17,1.0,approved,annual_leave,
EV-00425,PL-0012,annual_leave,2024-02-18,2024-02-18,1.0,approved,annual_leave,
EV-00426,PL-0012,annual_leave,2024-01-10,2024-01-12,3.0,approved,annual_leave,
EV-00427,PL-0012,annual_leave,2024-02-20,2024-02-21,2.0,approved,annual_leave,
EV-00428,PL-0012,annual_leave,2024-07-05,2024-07-05,1.0,approved,annual_leave,
EV-00429,PL-0012,annual_leave,2024-02-16,2024-02-20,5.0,approved,annual_leave,
EV-00430,PL-0012,annual_leave,2024-10-18,2024-10-20,3.0,approved,annual_leave,
EV-00431,PL-0012,annual_leave,2025-10-13,2025-10-15,3.0,approved,annual_leave,
EV-00432,PL-0012,annual_leave,2025-12-03,2025-12-03,1.0,approved,annual_leave,
EV-00433,PL-0012,annual_leave,2025-05-19,2025-05-23,5.0,approved,annual_leave,
EV-00434,PL-0012,annual_leave,2025-01-06,2025-01-06,1.0,approved,annual_leave,
EV-00435,PL-0012,annual_leave,2025-12-18,2025-12-22,5.0,approved,annual_leave,
EV-00436,PL-0012,annual_leave,2025-01-17,2025-01-17,1.0,approved,annual_leave,
EV-00437,PL-0012,annual_leave,2025-07-10,2025-07-11,2.0,approved,annual_leave,
EV-00438,PL-0012,annual_leave,2025-06-18,2025-06-18,1.0,approved,annual_leave,
EV-00439,PL-0012,annual_leave,2026-06-14,2026-06-14,1.0,approved,annual_leave,
EV-00440,PL-0012,annual_leave,2026-01-16,2026-01-20,5.0,approved,annual_leave,
EV-00441,PL-0012,annual_leave,2026-07-20,2026-07-20,1.0,approved,annual_leave,
EV-00442,PL-0012,annual_leave,2026-04-11,2026-04-15,5.0,approved,annual_leave,
EV-00443,PL-0012,annual_leave,2026-05-15,2026-05-15,1.0,approved,annual_leave,
EV-00444,PL-0012,annual_leave,2026-06-01,2026-06-01,1.0,approved,annual_leave,
EV-00445,PL-0013,annual_leave,2024-05-07,2024-05-07,1.0,approved,annual_leave,
EV-00446,PL-0013,annual_leave,2024-02-01,2024-02-05,5.0,approved,annual_leave,
EV-00447,PL-0013,annual_leave,2024-07-19,2024-07-21,3.0,approved,annual_leave,
EV-00448,PL-0013,annual_leave,2024-05-12,2024-05-14,3.0,approved,annual_leave,
EV-00449,PL-0013,annual_leave,2024-11-04,2024-11-08,5.0,approved,annual_leave,
EV-00450,PL-0013,annual_leave,2024-07-20,2024-07-20,1.0,approved,annual_leave,
EV-00451,PL-0013,annual_leave,2025-08-14,2025-08-15,2.0,approved,annual_leave,
EV-00452,PL-0013,annual_leave,2025-01-16,2025-01-25,10.0,approved,annual_leave,
EV-00453,PL-0013,annual_leave,2025-11-03,2025-11-03,1.0,approved,annual_leave,
EV-00454,PL-0013,annual_leave,2025-04-07,2025-04-10,4.0,approved,annual_leave,
EV-00455,PL-0013,annual_leave,2026-04-11,2026-04-15,5.0,approved,annual_leave,
EV-00456,PL-0013,annual_leave,2026-02-01,2026-02-02,2.0,approved,annual_leave,
EV-00457,PL-0013,annual_leave,2026-03-04,2026-03-08,5.0,approved,annual_leave,
EV-00458,PL-0014,annual_leave,2024-10-05,2024-10-07,3.0,approved,annual_leave,
EV-00459,PL-0014,annual_leave,2024-06-15,2024-06-24,10.0,approved,annual_leave,
EV-00460,PL-0014,annual_leave,2025-05-19,2025-05-23,5.0,approved,annual_leave,
EV-00461,PL-0014,annual_leave,2025-12-03,2025-12-07,5.0,approved,annual_leave,
EV-00462,PL-0014,annual_leave,2025-05-10,2025-05-12,3.0,approved,annual_leave,
EV-00463,PL-0014,annual_leave,2025-11-07,2025-11-11,5.0,approved,annual_leave,
EV-00464,PL-0014,annual_leave,2025-06-14,2025-06-14,1.0,approved,annual_leave,
EV-00465,PL-0014,annual_leave,2025-12-19,2025-12-21,3.0,approved,annual_leave,
EV-00466,PL-0014,annual_leave,2025-09-03,2025-09-03,1.0,approved,annual_leave,
EV-00467,PL-0014,annual_leave,2026-07-14,2026-07-18,5.0,approved,annual_leave,
EV-00468,PL-0014,annual_leave,2026-01-11,2026-01-15,5.0,approved,annual_leave,
EV-00469,PL-0014,annual_leave,2026-08-18,2026-08-18,1.0,approved,annual_leave,
EV-00470,PL-0015,annual_leave,2024-06-12,2024-06-16,5.0,approved,annual_leave,
EV-00471,PL-0015,annual_leave,2024-05-10,2024-05-14,5.0,approved,annual_leave,
EV-00472,PL-0015,annual_leave,2024-04-13,2024-04-17,5.0,approved,annual_leave,
EV-00473,PL-0015,annual_leave,2024-06-02,2024-06-02,1.0,approved,annual_leave,
EV-00474,PL-0015,annual_leave,2024-03-05,2024-03-05,1.0,approved,annual_leave,
EV-00475,PL-0015,annual_leave,2024-01-07,2024-01-09,3.0,approved,annual_leave,
EV-00476,PL-0015,annual_leave,2024-02-10,2024-02-10,1.0,approved,annual_leave,
EV-00477,PL-0015,annual_leave,2025-04-17,2025-04-26,10.0,approved,annual_leave,
EV-00478,PL-0015,annual_leave,2025-08-03,2025-08-07,5.0,approved,annual_leave,
EV-00479,PL-0015,annual_leave,2025-04-04,2025-04-06,3.0,approved,annual_leave,
EV-00480,PL-0015,annual_leave,2025-07-18,2025-07-22,5.0,approved,annual_leave,
EV-00481,PL-0015,annual_leave,2025-10-08,2025-10-08,1.0,approved,annual_leave,
EV-00482,PL-0015,annual_leave,2026-06-15,2026-06-16,2.0,approved,annual_leave,
EV-00483,PL-0015,annual_leave,2026-04-03,2026-04-04,2.0,approved,annual_leave,
EV-00484,PL-0015,annual_leave,2026-06-08,2026-06-08,1.0,approved,annual_leave,
EV-00485,PL-0015,annual_leave,2026-03-18,2026-03-19,2.0,approved,annual_leave,
EV-00486,PL-0015,annual_leave,2026-08-05,2026-08-11,7.0,approved,annual_leave,
EV-00487,PL-0015,annual_leave,2026-10-16,2026-10-19,4.0,approved,annual_leave,booked ahead
EV-00488,PL-0016,annual_leave,2024-06-19,2024-06-20,2.0,approved,annual_leave,
EV-00489,PL-0016,annual_leave,2024-08-06,2024-08-15,10.0,approved,annual_leave,
EV-00490,PL-0016,annual_leave,2024-08-15,2024-08-15,1.0,approved,annual_leave,
EV-00491,PL-0016,annual_leave,2024-05-16,2024-05-23,8.0,approved,annual_leave,
EV-00492,PL-0016,annual_leave,2024-12-13,2024-12-13,1.0,approved,annual_leave,
EV-00493,PL-0016,annual_leave,2025-02-20,2025-02-22,3.0,approved,annual_leave,
EV-00494,PL-0016,annual_leave,2025-12-20,2025-12-20,1.0,approved,annual_leave,
EV-00495,PL-0016,annual_leave,2025-03-14,2025-03-14,1.0,approved,annual_leave,
EV-00496,PL-0016,annual_leave,2025-07-17,2025-07-17,1.0,approved,annual_leave,
EV-00497,PL-0016,annual_leave,2025-02-06,2025-02-15,10.0,approved,annual_leave,
EV-00498,PL-0016,annual_leave,2025-05-17,2025-05-19,3.0,approved,annual_leave,
EV-00499,PL-0016,annual_leave,2025-03-16,2025-03-16,1.0,approved,annual_leave,
EV-00500,PL-0016,annual_leave,2025-03-13,2025-03-13,1.0,approved,annual_leave,
EV-00501,PL-0016,annual_leave,2026-01-02,2026-01-03,2.0,approved,annual_leave,
EV-00502,PL-0016,annual_leave,2026-02-10,2026-02-11,2.0,approved,annual_leave,
EV-00503,PL-0016,annual_leave,2026-03-03,2026-03-07,5.0,approved,annual_leave,
EV-00504,PL-0016,annual_leave,2026-07-11,2026-07-13,3.0,approved,annual_leave,
EV-00505,PL-0016,annual_leave,2026-03-12,2026-03-12,1.0,approved,annual_leave,
EV-00506,PL-0016,annual_leave,2026-02-01,2026-02-01,1.0,approved,annual_leave,
EV-00507,PL-0016,annual_leave,2026-12-01,2026-12-04,4.0,approved,annual_leave,booked ahead
EV-00508,PL-0017,annual_leave,2024-09-16,2024-09-18,3.0,approved,annual_leave,
EV-00509,PL-0017,annual_leave,2024-08-06,2024-08-06,1.0,approved,annual_leave,
EV-00510,PL-0017,annual_leave,2024-01-15,2024-01-15,1.0,approved,annual_leave,
EV-00511,PL-0017,annual_leave,2024-12-01,2024-12-05,5.0,approved,annual_leave,
EV-00512,PL-0017,annual_leave,2024-07-15,2024-07-15,1.0,approved,annual_leave,
EV-00513,PL-0017,annual_leave,2024-04-05,2024-04-05,1.0,approved,annual_leave,
EV-00514,PL-0017,annual_leave,2024-09-13,2024-09-20,8.0,approved,annual_leave,
EV-00515,PL-0017,annual_leave,2024-08-08,2024-08-08,1.0,approved,annual_leave,
EV-00516,PL-0017,annual_leave,2025-06-13,2025-06-13,1.0,approved,annual_leave,
EV-00517,PL-0017,annual_leave,2025-07-14,2025-07-15,2.0,approved,annual_leave,
EV-00518,PL-0017,annual_leave,2025-11-15,2025-11-19,5.0,approved,annual_leave,
EV-00519,PL-0017,annual_leave,2025-04-04,2025-04-08,5.0,approved,annual_leave,
EV-00520,PL-0017,annual_leave,2025-10-01,2025-10-01,1.0,approved,annual_leave,
EV-00521,PL-0017,annual_leave,2025-12-14,2025-12-14,1.0,approved,annual_leave,
EV-00522,PL-0017,annual_leave,2025-07-02,2025-07-02,1.0,approved,annual_leave,
EV-00523,PL-0017,annual_leave,2025-11-14,2025-11-18,5.0,approved,annual_leave,
EV-00524,PL-0017,annual_leave,2025-08-07,2025-08-07,1.0,approved,annual_leave,
EV-00525,PL-0017,annual_leave,2025-08-07,2025-08-07,1.0,approved,annual_leave,
EV-00526,PL-0017,annual_leave,2025-05-19,2025-05-19,1.0,approved,annual_leave,
EV-00527,PL-0017,annual_leave,2026-06-20,2026-06-22,3.0,approved,annual_leave,
EV-00528,PL-0017,annual_leave,2026-05-06,2026-05-08,3.0,approved,annual_leave,
EV-00529,PL-0017,annual_leave,2026-02-07,2026-02-11,5.0,approved,annual_leave,
EV-00530,PL-0017,annual_leave,2026-01-19,2026-01-21,3.0,approved,annual_leave,
EV-00531,PL-0017,annual_leave,2026-12-14,2026-12-17,4.0,approved,annual_leave,booked ahead
EV-00532,PL-0018,annual_leave,2024-11-17,2024-11-17,1.0,approved,annual_leave,
EV-00533,PL-0018,annual_leave,2024-02-18,2024-02-20,3.0,approved,annual_leave,
EV-00534,PL-0018,annual_leave,2024-10-09,2024-10-11,3.0,approved,annual_leave,
EV-00535,PL-0018,annual_leave,2024-06-19,2024-06-20,2.0,approved,annual_leave,
EV-00536,PL-0018,annual_leave,2024-10-13,2024-10-17,5.0,approved,annual_leave,
EV-00537,PL-0018,annual_leave,2024-07-12,2024-07-16,5.0,approved,annual_leave,
EV-00538,PL-0018,annual_leave,2024-03-17,2024-03-18,2.0,approved,annual_leave,
EV-00539,PL-0018,annual_leave,2024-11-19,2024-11-21,3.0,approved,annual_leave,
EV-00540,PL-0018,annual_leave,2025-08-01,2025-08-03,3.0,approved,annual_leave,
EV-00541,PL-0018,annual_leave,2025-07-05,2025-07-06,2.0,approved,annual_leave,
EV-00542,PL-0018,annual_leave,2025-12-16,2025-12-16,1.0,approved,annual_leave,
EV-00543,PL-0018,annual_leave,2025-07-01,2025-07-05,5.0,approved,annual_leave,
EV-00544,PL-0018,annual_leave,2025-10-20,2025-10-24,5.0,approved,annual_leave,
EV-00545,PL-0018,annual_leave,2025-09-02,2025-09-02,1.0,approved,annual_leave,
EV-00546,PL-0018,annual_leave,2025-01-11,2025-01-12,2.0,approved,annual_leave,
EV-00547,PL-0018,annual_leave,2025-08-07,2025-08-07,1.0,approved,annual_leave,
EV-00548,PL-0018,annual_leave,2025-04-03,2025-04-03,1.0,approved,annual_leave,
EV-00549,PL-0018,annual_leave,2026-08-04,2026-08-13,10.0,approved,annual_leave,
EV-00550,PL-0018,annual_leave,2026-07-11,2026-07-12,2.0,approved,annual_leave,
EV-00551,PL-0018,annual_leave,2026-03-16,2026-03-16,1.0,approved,annual_leave,
EV-00552,PL-0019,annual_leave,2024-10-06,2024-10-08,3.0,approved,annual_leave,
EV-00553,PL-0019,annual_leave,2024-12-08,2024-12-08,1.0,approved,annual_leave,
EV-00554,PL-0019,annual_leave,2024-05-08,2024-05-08,1.0,approved,annual_leave,
EV-00555,PL-0019,annual_leave,2024-07-15,2024-07-19,5.0,approved,annual_leave,
EV-00556,PL-0019,annual_leave,2024-09-19,2024-09-19,1.0,approved,annual_leave,
EV-00557,PL-0019,annual_leave,2024-09-04,2024-09-13,10.0,approved,annual_leave,
EV-00558,PL-0019,annual_leave,2024-11-13,2024-11-15,3.0,approved,annual_leave,
EV-00559,PL-0019,annual_leave,2025-01-11,2025-01-20,10.0,approved,annual_leave,
EV-00560,PL-0019,annual_leave,2025-04-12,2025-04-14,3.0,approved,annual_leave,
EV-00561,PL-0019,annual_leave,2025-03-03,2025-03-05,3.0,approved,annual_leave,
EV-00562,PL-0019,annual_leave,2025-09-20,2025-09-24,5.0,approved,annual_leave,
EV-00563,PL-0019,annual_leave,2026-03-08,2026-03-08,1.0,approved,annual_leave,
EV-00564,PL-0019,annual_leave,2026-06-09,2026-06-09,1.0,approved,annual_leave,
EV-00565,PL-0019,annual_leave,2026-03-02,2026-03-06,5.0,approved,annual_leave,
EV-00566,PL-0019,annual_leave,2026-08-15,2026-08-16,2.0,approved,annual_leave,
EV-00567,PL-0019,annual_leave,2026-03-11,2026-03-11,1.0,approved,annual_leave,
EV-00568,PL-0019,annual_leave,2026-02-09,2026-02-10,2.0,approved,annual_leave,
EV-00569,PL-0019,annual_leave,2026-02-11,2026-02-11,1.0,approved,annual_leave,
EV-00570,PL-0019,annual_leave,2026-02-12,2026-02-12,1.0,approved,annual_leave,
EV-00571,PL-0020,annual_leave,2024-05-09,2024-05-09,1.0,approved,annual_leave,
EV-00572,PL-0020,annual_leave,2024-11-20,2024-11-21,2.0,approved,annual_leave,
EV-00573,PL-0020,annual_leave,2024-04-09,2024-04-09,1.0,approved,annual_leave,
EV-00574,PL-0020,annual_leave,2024-02-05,2024-02-14,10.0,approved,annual_leave,
EV-00575,PL-0020,annual_leave,2024-07-10,2024-07-12,3.0,approved,annual_leave,
EV-00576,PL-0020,annual_leave,2024-05-20,2024-05-20,1.0,approved,annual_leave,
EV-00577,PL-0020,annual_leave,2024-04-01,2024-04-03,3.0,approved,annual_leave,
EV-00578,PL-0020,annual_leave,2024-02-04,2024-02-04,1.0,approved,annual_leave,
EV-00579,PL-0020,annual_leave,2025-05-12,2025-05-16,5.0,approved,annual_leave,
EV-00580,PL-0020,annual_leave,2025-01-02,2025-01-02,1.0,approved,annual_leave,
EV-00581,PL-0020,annual_leave,2025-04-19,2025-04-20,2.0,approved,annual_leave,
EV-00582,PL-0020,annual_leave,2025-07-09,2025-07-09,1.0,approved,annual_leave,
EV-00583,PL-0020,annual_leave,2025-08-10,2025-08-11,2.0,approved,annual_leave,
EV-00584,PL-0020,annual_leave,2025-09-14,2025-09-18,5.0,approved,annual_leave,
EV-00585,PL-0020,annual_leave,2025-08-09,2025-08-10,2.0,approved,annual_leave,
EV-00586,PL-0020,annual_leave,2025-04-02,2025-04-02,1.0,approved,annual_leave,
EV-00587,PL-0020,annual_leave,2025-03-20,2025-03-20,1.0,approved,annual_leave,
EV-00588,PL-0020,annual_leave,2026-06-08,2026-06-08,1.0,approved,annual_leave,
EV-00589,PL-0020,annual_leave,2026-05-10,2026-05-10,1.0,approved,annual_leave,
EV-00590,PL-0020,annual_leave,2026-04-02,2026-04-02,1.0,approved,annual_leave,
EV-00591,PL-0020,annual_leave,2026-04-08,2026-04-12,5.0,approved,annual_leave,
EV-00592,PL-0020,annual_leave,2026-06-18,2026-06-19,2.0,approved,annual_leave,
EV-00593,PL-0020,annual_leave,2026-06-13,2026-06-13,1.0,approved,annual_leave,
EV-00594,IN-0003,annual_leave,2024-08-19,2024-08-19,1.0,approved,earned_leave,
EV-00595,IN-0003,annual_leave,2024-11-05,2024-11-09,5.0,approved,earned_leave,
EV-00596,IN-0003,annual_leave,2024-04-06,2024-04-08,3.0,approved,earned_leave,
EV-00597,IN-0003,annual_leave,2024-07-08,2024-07-12,5.0,approved,earned_leave,
EV-00598,IN-0003,annual_leave,2024-08-10,2024-08-11,2.0,approved,earned_leave,
EV-00599,IN-0003,annual_leave,2024-12-15,2024-12-15,1.0,approved,earned_leave,
EV-00600,IN-0003,special_leave,2024-10-13,2024-10-15,3.0,approved,casual_leave,
EV-00601,IN-0003,special_leave,2024-06-06,2024-06-10,5.0,approved,casual_leave,
EV-00602,IN-0003,special_leave,2024-02-17,2024-02-17,1.0,approved,casual_leave,
EV-00603,IN-0003,sick_leave,2024-08-05,2024-08-06,2.0,approved,sick_leave,
EV-00604,IN-0003,sick_leave,2024-09-18,2024-09-18,1.0,approved,sick_leave,
EV-00605,IN-0003,sick_leave,2024-05-04,2024-05-07,4.0,approved,sick_leave,
EV-00606,IN-0003,sick_leave,2024-01-18,2024-01-18,1.0,approved,sick_leave,
EV-00607,IN-0003,annual_leave,2025-10-11,2025-10-15,5.0,approved,earned_leave,
EV-00608,IN-0003,annual_leave,2025-09-15,2025-09-15,1.0,approved,earned_leave,
EV-00609,IN-0003,annual_leave,2025-12-17,2025-12-22,6.0,approved,earned_leave,
EV-00610,IN-0003,annual_leave,2025-08-04,2025-08-04,1.0,approved,earned_leave,
EV-00611,IN-0003,special_leave,2025-08-17,2025-08-17,1.0,approved,casual_leave,
EV-00612,IN-0003,special_leave,2025-12-14,2025-12-23,10.0,approved,casual_leave,
EV-00613,IN-0003,sick_leave,2025-10-19,2025-10-19,1.0,approved,sick_leave,
EV-00614,IN-0003,sick_leave,2025-10-08,2025-10-09,2.0,approved,sick_leave,
EV-00615,IN-0003,annual_leave,2026-05-09,2026-05-10,2.0,approved,earned_leave,
EV-00616,IN-0003,annual_leave,2026-06-05,2026-06-09,5.0,approved,earned_leave,
EV-00617,IN-0003,special_leave,2026-04-19,2026-04-21,3.0,approved,casual_leave,
EV-00618,IN-0003,special_leave,2026-08-06,2026-08-06,1.0,approved,casual_leave,
EV-00619,IN-0003,sick_leave,2026-08-18,2026-08-19,2.0,approved,sick_leave,
EV-00620,IN-0004,annual_leave,2024-07-04,2024-07-08,5.0,approved,earned_leave,
EV-00621,IN-0004,annual_leave,2024-06-20,2024-06-24,5.0,approved,earned_leave,
EV-00622,IN-0004,annual_leave,2024-11-19,2024-11-25,7.0,approved,earned_leave,
EV-00623,IN-0004,special_leave,2024-07-19,2024-07-23,5.0,approved,casual_leave,
EV-00624,IN-0004,special_leave,2024-07-19,2024-07-20,2.0,approved,casual_leave,
EV-00625,IN-0004,special_leave,2024-02-02,2024-02-05,4.0,approved,casual_leave,
EV-00626,IN-0004,sick_leave,2024-05-20,2024-05-20,1.0,approved,sick_leave,
EV-00627,IN-0004,sick_leave,2024-09-19,2024-09-19,1.0,approved,sick_leave,
EV-00628,IN-0004,sick_leave,2024-08-11,2024-08-12,2.0,approved,sick_leave,
EV-00629,IN-0004,sick_leave,2024-01-03,2024-01-03,1.0,approved,sick_leave,
EV-00630,IN-0004,sick_leave,2024-09-19,2024-09-20,2.0,approved,sick_leave,
EV-00631,IN-0004,sick_leave,2024-12-06,2024-12-06,1.0,approved,sick_leave,
EV-00632,IN-0004,sick_leave,2024-05-14,2024-05-14,1.0,approved,sick_leave,
EV-00633,IN-0004,annual_leave,2025-08-09,2025-08-13,5.0,approved,earned_leave,
EV-00634,IN-0004,annual_leave,2025-06-06,2025-06-14,9.0,approved,earned_leave,
EV-00635,IN-0004,annual_leave,2025-04-10,2025-04-10,1.0,approved,earned_leave,
EV-00636,IN-0004,special_leave,2025-05-20,2025-05-24,5.0,approved,casual_leave,
EV-00637,IN-0004,special_leave,2025-12-13,2025-12-13,1.0,approved,casual_leave,
EV-00638,IN-0004,sick_leave,2025-11-09,2025-11-11,3.0,approved,sick_leave,
EV-00639,IN-0004,sick_leave,2025-11-06,2025-11-10,5.0,approved,sick_leave,
EV-00640,IN-0004,annual_leave,2026-02-05,2026-02-07,3.0,approved,earned_leave,
EV-00641,IN-0004,annual_leave,2026-06-03,2026-06-03,1.0,approved,earned_leave,
EV-00642,IN-0004,annual_leave,2026-01-04,2026-01-06,3.0,approved,earned_leave,
EV-00643,IN-0004,special_leave,2026-07-03,2026-07-04,2.0,approved,casual_leave,
EV-00644,IN-0004,special_leave,2026-07-02,2026-07-05,4.0,approved,casual_leave,
EV-00645,IN-0004,special_leave,2026-05-13,2026-05-13,1.0,approved,casual_leave,
EV-00646,IN-0004,sick_leave,2026-08-01,2026-08-02,2.0,approved,sick_leave,
EV-00647,IN-0004,sick_leave,2026-02-17,2026-02-17,1.0,approved,sick_leave,
EV-00648,IN-0005,annual_leave,2024-02-18,2024-02-20,3.0,approved,earned_leave,
EV-00649,IN-0005,annual_leave,2024-08-12,2024-08-21,10.0,approved,earned_leave,
EV-00650,IN-0005,annual_leave,2024-10-02,2024-10-04,3.0,approved,earned_leave,
EV-00651,IN-0005,special_leave,2024-09-03,2024-09-07,5.0,approved,casual_leave,
EV-00652,IN-0005,special_leave,2024-06-03,2024-06-05,3.0,approved,casual_leave,
EV-00653,IN-0005,sick_leave,2024-07-17,2024-07-17,1.0,approved,sick_leave,
EV-00654,IN-0005,sick_leave,2024-12-08,2024-12-09,2.0,approved,sick_leave,
EV-00655,IN-0005,sick_leave,2024-05-11,2024-05-11,1.0,approved,sick_leave,
EV-00656,IN-0005,annual_leave,2025-04-20,2025-04-21,2.0,approved,earned_leave,
EV-00657,IN-0005,annual_leave,2025-05-07,2025-05-11,5.0,approved,earned_leave,
EV-00658,IN-0005,annual_leave,2025-04-17,2025-04-17,1.0,approved,earned_leave,
EV-00659,IN-0005,annual_leave,2025-01-12,2025-01-12,1.0,approved,earned_leave,
EV-00660,IN-0005,annual_leave,2025-04-11,2025-04-16,6.0,approved,earned_leave,
EV-00661,IN-0005,special_leave,2025-07-14,2025-07-18,5.0,approved,casual_leave,
EV-00662,IN-0005,special_leave,2025-04-06,2025-04-07,2.0,approved,casual_leave,
EV-00663,IN-0005,special_leave,2025-11-15,2025-11-15,1.0,approved,casual_leave,
EV-00664,IN-0005,sick_leave,2025-05-17,2025-05-21,5.0,approved,sick_leave,
EV-00665,IN-0005,sick_leave,2025-03-09,2025-03-09,1.0,approved,sick_leave,
EV-00666,IN-0005,annual_leave,2026-07-09,2026-07-13,5.0,approved,earned_leave,
EV-00667,IN-0005,annual_leave,2026-05-09,2026-05-12,4.0,approved,earned_leave,
EV-00668,IN-0005,special_leave,2026-05-13,2026-05-15,3.0,approved,casual_leave,
EV-00669,IN-0005,special_leave,2026-05-12,2026-05-15,4.0,approved,casual_leave,
EV-00670,IN-0005,sick_leave,2026-07-02,2026-07-02,1.0,approved,sick_leave,
EV-00671,IN-0005,sick_leave,2026-02-11,2026-02-12,2.0,approved,sick_leave,
EV-00672,IN-0005,sick_leave,2026-08-16,2026-08-16,1.0,approved,sick_leave,
EV-00673,IN-0005,sick_leave,2026-07-02,2026-07-02,1.0,approved,sick_leave,
EV-00674,IN-0005,sick_leave,2026-01-12,2026-01-12,1.0,approved,sick_leave,
EV-00675,IN-0005,annual_leave,2026-12-20,2026-12-23,4.0,approved,earned_leave,booked ahead
EV-00676,IN-0006,annual_leave,2024-07-13,2024-07-13,1.0,approved,earned_leave,
EV-00677,IN-0006,annual_leave,2024-10-07,2024-10-11,5.0,approved,earned_leave,
EV-00678,IN-0006,annual_leave,2024-06-18,2024-06-22,5.0,approved,earned_leave,
EV-00679,IN-0006,annual_leave,2024-09-01,2024-09-01,1.0,approved,earned_leave,
EV-00680,IN-0006,annual_leave,2024-03-19,2024-03-19,1.0,approved,earned_leave,
EV-00681,IN-0006,special_leave,2024-12-02,2024-12-03,2.0,approved,casual_leave,
EV-00682,IN-0006,special_leave,2024-01-20,2024-01-21,2.0,approved,casual_leave,
EV-00683,IN-0006,special_leave,2024-11-20,2024-11-21,2.0,approved,casual_leave,
EV-00684,IN-0006,special_leave,2024-06-10,2024-06-13,4.0,approved,casual_leave,
EV-00685,IN-0006,special_leave,2024-10-16,2024-10-16,1.0,approved,casual_leave,
EV-00686,IN-0006,sick_leave,2024-01-07,2024-01-08,2.0,approved,sick_leave,
EV-00687,IN-0006,sick_leave,2024-11-13,2024-11-13,1.0,approved,sick_leave,
EV-00688,IN-0006,sick_leave,2024-03-02,2024-03-02,1.0,approved,sick_leave,
EV-00689,IN-0006,sick_leave,2024-07-14,2024-07-14,1.0,approved,sick_leave,
EV-00690,IN-0006,annual_leave,2025-05-09,2025-05-09,1.0,approved,earned_leave,
EV-00691,IN-0006,annual_leave,2025-03-20,2025-03-20,1.0,approved,earned_leave,
EV-00692,IN-0006,annual_leave,2025-06-16,2025-06-17,2.0,approved,earned_leave,
EV-00693,IN-0006,annual_leave,2025-04-17,2025-04-21,5.0,approved,earned_leave,
EV-00694,IN-0006,annual_leave,2025-07-07,2025-07-08,2.0,approved,earned_leave,
EV-00695,IN-0006,annual_leave,2025-10-04,2025-10-04,1.0,approved,earned_leave,
EV-00696,IN-0006,annual_leave,2025-05-12,2025-05-12,1.0,approved,earned_leave,
EV-00697,IN-0006,special_leave,2025-03-01,2025-03-03,3.0,approved,casual_leave,
EV-00698,IN-0006,special_leave,2025-11-04,2025-11-04,1.0,approved,casual_leave,
EV-00699,IN-0006,special_leave,2025-12-01,2025-12-02,2.0,approved,casual_leave,
EV-00700,IN-0006,special_leave,2025-11-19,2025-11-19,1.0,approved,casual_leave,
EV-00701,IN-0006,special_leave,2025-09-19,2025-09-19,1.0,approved,casual_leave,
EV-00702,IN-0006,special_leave,2025-06-09,2025-06-10,2.0,approved,casual_leave,
EV-00703,IN-0006,special_leave,2025-05-17,2025-05-17,1.0,approved,casual_leave,
EV-00704,IN-0006,sick_leave,2025-05-19,2025-05-19,1.0,approved,sick_leave,
EV-00705,IN-0006,sick_leave,2025-05-16,2025-05-16,1.0,approved,sick_leave,
EV-00706,IN-0006,sick_leave,2025-02-02,2025-02-02,1.0,approved,sick_leave,
EV-00707,IN-0006,sick_leave,2025-01-07,2025-01-09,3.0,approved,sick_leave,
EV-00708,IN-0006,annual_leave,2026-04-06,2026-04-07,2.0,approved,earned_leave,
EV-00709,IN-0006,annual_leave,2026-04-20,2026-04-24,5.0,approved,earned_leave,
EV-00710,IN-0006,annual_leave,2026-08-04,2026-08-05,2.0,approved,earned_leave,
EV-00711,IN-0006,special_leave,2026-04-20,2026-04-21,2.0,approved,casual_leave,
EV-00712,IN-0006,special_leave,2026-06-20,2026-06-21,2.0,approved,casual_leave,
EV-00713,IN-0006,special_leave,2026-02-14,2026-02-14,1.0,approved,casual_leave,
EV-00714,IN-0006,special_leave,2026-06-18,2026-06-18,1.0,approved,casual_leave,
EV-00715,IN-0006,sick_leave,2026-05-10,2026-05-11,2.0,approved,sick_leave,
EV-00716,IN-0007,annual_leave,2024-01-17,2024-01-18,2.0,approved,earned_leave,
EV-00717,IN-0007,annual_leave,2024-06-20,2024-06-24,5.0,approved,earned_leave,
EV-00718,IN-0007,annual_leave,2024-03-17,2024-03-18,2.0,approved,earned_leave,
EV-00719,IN-0007,annual_leave,2024-02-08,2024-02-09,2.0,approved,earned_leave,
EV-00720,IN-0007,annual_leave,2024-07-19,2024-07-22,4.0,approved,earned_leave,
EV-00721,IN-0007,special_leave,2024-01-10,2024-01-10,1.0,approved,casual_leave,
EV-00722,IN-0007,special_leave,2024-03-11,2024-03-11,1.0,approved,casual_leave,
EV-00723,IN-0007,special_leave,2024-06-05,2024-06-06,2.0,approved,casual_leave,
EV-00724,IN-0007,special_leave,2024-10-04,2024-10-04,1.0,approved,casual_leave,
EV-00725,IN-0007,special_leave,2024-07-02,2024-07-02,1.0,approved,casual_leave,
EV-00726,IN-0007,special_leave,2024-08-11,2024-08-11,1.0,approved,casual_leave,
EV-00727,IN-0007,sick_leave,2024-06-14,2024-06-19,6.0,approved,sick_leave,
EV-00728,IN-0007,annual_leave,2025-02-16,2025-02-20,5.0,approved,earned_leave,
EV-00729,IN-0007,annual_leave,2025-09-20,2025-09-25,6.0,approved,earned_leave,
EV-00730,IN-0007,special_leave,2025-02-10,2025-02-10,1.0,approved,casual_leave,
EV-00731,IN-0007,special_leave,2025-03-12,2025-03-12,1.0,approved,casual_leave,
EV-00732,IN-0007,special_leave,2025-11-08,2025-11-09,2.0,approved,casual_leave,
EV-00733,IN-0007,special_leave,2025-02-07,2025-02-07,1.0,approved,casual_leave,
EV-00734,IN-0007,sick_leave,2025-12-12,2025-12-16,5.0,approved,sick_leave,
EV-00735,IN-0007,sick_leave,2025-04-11,2025-04-11,1.0,approved,sick_leave,
EV-00736,IN-0007,sick_leave,2025-06-08,2025-06-08,1.0,approved,sick_leave,
EV-00737,IN-0007,annual_leave,2026-07-11,2026-07-11,1.0,approved,earned_leave,
EV-00738,IN-0007,annual_leave,2026-03-11,2026-03-19,9.0,approved,earned_leave,
EV-00739,IN-0007,annual_leave,2026-03-05,2026-03-05,1.0,approved,earned_leave,
EV-00740,IN-0007,special_leave,2026-06-05,2026-06-07,3.0,approved,casual_leave,
EV-00741,IN-0007,sick_leave,2026-01-09,2026-01-09,1.0,approved,sick_leave,
EV-00742,IN-0007,sick_leave,2026-07-11,2026-07-11,1.0,approved,sick_leave,
EV-00743,IN-0007,annual_leave,2026-11-12,2026-11-15,4.0,approved,earned_leave,booked ahead
EV-00744,IN-0008,annual_leave,2024-07-11,2024-07-11,1.0,approved,earned_leave,
EV-00745,IN-0008,annual_leave,2024-04-17,2024-04-19,3.0,approved,earned_leave,
EV-00746,IN-0008,annual_leave,2024-03-05,2024-03-09,5.0,approved,earned_leave,
EV-00747,IN-0008,annual_leave,2024-10-20,2024-10-24,5.0,approved,earned_leave,
EV-00748,IN-0008,annual_leave,2024-03-19,2024-03-19,1.0,approved,earned_leave,
EV-00749,IN-0008,special_leave,2024-02-18,2024-02-20,3.0,approved,casual_leave,
EV-00750,IN-0008,special_leave,2024-06-18,2024-06-22,5.0,approved,casual_leave,
EV-00751,IN-0008,sick_leave,2024-08-15,2024-08-17,3.0,approved,sick_leave,
EV-00752,IN-0008,sick_leave,2024-09-08,2024-09-08,1.0,approved,sick_leave,
EV-00753,IN-0008,sick_leave,2024-12-06,2024-12-06,1.0,approved,sick_leave,
EV-00754,IN-0008,annual_leave,2025-03-16,2025-03-20,5.0,approved,earned_leave,
EV-00755,IN-0008,annual_leave,2025-10-14,2025-10-15,2.0,approved,earned_leave,
EV-00756,IN-0008,annual_leave,2025-12-05,2025-12-09,5.0,approved,earned_leave,
EV-00757,IN-0008,annual_leave,2025-06-17,2025-06-17,1.0,approved,earned_leave,
EV-00758,IN-0008,special_leave,2025-01-10,2025-01-14,5.0,approved,casual_leave,
EV-00759,IN-0008,special_leave,2025-04-15,2025-04-15,1.0,approved,casual_leave,
EV-00760,IN-0008,special_leave,2025-09-17,2025-09-20,4.0,approved,casual_leave,
EV-00761,IN-0008,sick_leave,2025-05-11,2025-05-13,3.0,approved,sick_leave,
EV-00762,IN-0008,annual_leave,2026-01-20,2026-01-20,1.0,approved,earned_leave,
EV-00763,IN-0008,annual_leave,2026-06-17,2026-06-17,1.0,approved,earned_leave,
EV-00764,IN-0008,annual_leave,2026-02-12,2026-02-12,1.0,approved,earned_leave,
EV-00765,IN-0008,annual_leave,2026-06-14,2026-06-14,1.0,approved,earned_leave,
EV-00766,IN-0008,annual_leave,2026-04-07,2026-04-07,1.0,approved,earned_leave,
EV-00767,IN-0008,annual_leave,2026-07-08,2026-07-10,3.0,approved,earned_leave,
EV-00768,IN-0008,annual_leave,2026-01-05,2026-01-06,2.0,approved,earned_leave,
EV-00769,IN-0008,annual_leave,2026-08-08,2026-08-08,1.0,approved,earned_leave,
EV-00770,IN-0008,special_leave,2026-06-05,2026-06-09,5.0,approved,casual_leave,
EV-00771,IN-0008,special_leave,2026-06-15,2026-06-15,1.0,approved,casual_leave,
EV-00772,IN-0008,sick_leave,2026-02-15,2026-02-17,3.0,approved,sick_leave,
EV-00773,IN-0008,sick_leave,2026-02-02,2026-02-02,1.0,approved,sick_leave,
EV-00774,IN-0009,annual_leave,2024-06-09,2024-06-18,10.0,approved,earned_leave,
EV-00775,IN-0009,annual_leave,2024-09-15,2024-09-17,3.0,approved,earned_leave,
EV-00776,IN-0009,annual_leave,2024-01-10,2024-01-10,1.0,approved,earned_leave,
EV-00777,IN-0009,annual_leave,2024-09-10,2024-09-10,1.0,approved,earned_leave,
EV-00778,IN-0009,special_leave,2024-10-05,2024-10-09,5.0,approved,casual_leave,
EV-00779,IN-0009,sick_leave,2024-07-13,2024-07-13,1.0,approved,sick_leave,
EV-00780,IN-0009,sick_leave,2024-11-03,2024-11-05,3.0,approved,sick_leave,
EV-00781,IN-0009,sick_leave,2024-04-10,2024-04-11,2.0,approved,sick_leave,
EV-00782,IN-0009,sick_leave,2024-02-14,2024-02-14,1.0,approved,sick_leave,
EV-00783,IN-0009,annual_leave,2025-03-14,2025-03-15,2.0,approved,earned_leave,
EV-00784,IN-0009,annual_leave,2025-05-05,2025-05-09,5.0,approved,earned_leave,
EV-00785,IN-0009,annual_leave,2025-05-15,2025-05-17,3.0,approved,earned_leave,
EV-00786,IN-0009,annual_leave,2025-08-12,2025-08-13,2.0,approved,earned_leave,
EV-00787,IN-0009,annual_leave,2025-03-17,2025-03-17,1.0,approved,earned_leave,
EV-00788,IN-0009,special_leave,2025-07-09,2025-07-09,1.0,approved,casual_leave,
EV-00789,IN-0009,special_leave,2025-11-01,2025-11-02,2.0,approved,casual_leave,
EV-00790,IN-0009,special_leave,2025-05-17,2025-05-17,1.0,approved,casual_leave,
EV-00791,IN-0009,special_leave,2025-07-06,2025-07-06,1.0,approved,casual_leave,
EV-00792,IN-0009,sick_leave,2025-04-06,2025-04-06,1.0,approved,sick_leave,
EV-00793,IN-0009,sick_leave,2025-02-16,2025-02-19,4.0,approved,sick_leave,
EV-00794,IN-0009,sick_leave,2025-06-07,2025-06-07,1.0,approved,sick_leave,
EV-00795,IN-0009,annual_leave,2026-08-03,2026-08-03,1.0,approved,earned_leave,
EV-00796,IN-0009,annual_leave,2026-07-09,2026-07-09,1.0,approved,earned_leave,
EV-00797,IN-0009,annual_leave,2026-01-10,2026-01-10,1.0,approved,earned_leave,
EV-00798,IN-0009,annual_leave,2026-04-13,2026-04-15,3.0,approved,earned_leave,
EV-00799,IN-0009,annual_leave,2026-03-11,2026-03-13,3.0,approved,earned_leave,
EV-00800,IN-0009,special_leave,2026-07-13,2026-07-14,2.0,approved,casual_leave,
EV-00801,IN-0009,special_leave,2026-03-14,2026-03-14,1.0,approved,casual_leave,
EV-00802,IN-0009,special_leave,2026-05-18,2026-05-18,1.0,approved,casual_leave,
EV-00803,IN-0009,sick_leave,2026-01-13,2026-01-17,5.0,approved,sick_leave,
EV-00804,IN-0009,annual_leave,2026-12-16,2026-12-19,4.0,approved,earned_leave,booked ahead
EV-00805,IN-0010,annual_leave,2024-01-12,2024-01-21,10.0,approved,earned_leave,
EV-00806,IN-0010,annual_leave,2024-03-04,2024-03-05,2.0,approved,earned_leave,
EV-00807,IN-0010,annual_leave,2024-08-17,2024-08-17,1.0,approved,earned_leave,
EV-00808,IN-0010,special_leave,2024-07-19,2024-07-20,2.0,approved,casual_leave,
EV-00809,IN-0010,special_leave,2024-04-15,2024-04-15,1.0,approved,casual_leave,
EV-00810,IN-0010,special_leave,2024-03-08,2024-03-08,1.0,approved,casual_leave,
EV-00811,IN-0010,special_leave,2024-04-15,2024-04-16,2.0,approved,casual_leave,
EV-00812,IN-0010,special_leave,2024-08-13,2024-08-13,1.0,approved,casual_leave,
EV-00813,IN-0010,sick_leave,2024-02-10,2024-02-14,5.0,approved,sick_leave,
EV-00814,IN-0010,annual_leave,2025-05-04,2025-05-05,2.0,approved,earned_leave,
EV-00815,IN-0010,annual_leave,2025-11-06,2025-11-08,3.0,approved,earned_leave,
EV-00816,IN-0010,annual_leave,2025-01-02,2025-01-04,3.0,approved,earned_leave,
EV-00817,IN-0010,annual_leave,2025-12-14,2025-12-15,2.0,approved,earned_leave,
EV-00818,IN-0010,annual_leave,2025-05-05,2025-05-08,4.0,approved,earned_leave,
EV-00819,IN-0010,annual_leave,2025-09-16,2025-09-16,1.0,approved,earned_leave,
EV-00820,IN-0010,special_leave,2025-07-05,2025-07-05,1.0,approved,casual_leave,
EV-00821,IN-0010,special_leave,2025-11-05,2025-11-07,3.0,approved,casual_leave,
EV-00822,IN-0010,special_leave,2025-04-07,2025-04-07,1.0,approved,casual_leave,
EV-00823,IN-0010,special_leave,2025-03-12,2025-03-12,1.0,approved,casual_leave,
EV-00824,IN-0010,sick_leave,2025-12-17,2025-12-17,1.0,approved,sick_leave,
EV-00825,IN-0010,sick_leave,2025-06-05,2025-06-10,6.0,approved,sick_leave,
EV-00826,IN-0010,annual_leave,2026-02-13,2026-02-13,1.0,approved,earned_leave,
EV-00827,IN-0010,annual_leave,2026-02-20,2026-02-21,2.0,approved,earned_leave,
EV-00828,IN-0010,annual_leave,2026-02-10,2026-02-11,2.0,approved,earned_leave,
EV-00829,IN-0010,annual_leave,2026-08-15,2026-08-17,3.0,approved,earned_leave,
EV-00830,IN-0010,annual_leave,2026-01-11,2026-01-11,1.0,approved,earned_leave,
EV-00831,IN-0010,special_leave,2026-08-16,2026-08-16,1.0,approved,casual_leave,
EV-00832,IN-0010,special_leave,2026-04-18,2026-04-20,3.0,approved,casual_leave,
EV-00833,IN-0010,special_leave,2026-02-08,2026-02-08,1.0,approved,casual_leave,
EV-00834,IN-0010,sick_leave,2026-07-20,2026-07-21,2.0,approved,sick_leave,
EV-00835,IN-0010,sick_leave,2026-07-02,2026-07-03,2.0,approved,sick_leave,
EV-00836,IN-0010,sick_leave,2026-05-07,2026-05-07,1.0,approved,sick_leave,
EV-00837,IN-0011,annual_leave,2024-10-01,2024-10-02,2.0,approved,earned_leave,
EV-00838,IN-0011,annual_leave,2024-12-09,2024-12-11,3.0,approved,earned_leave,
EV-00839,IN-0011,annual_leave,2024-05-02,2024-05-02,1.0,approved,earned_leave,
EV-00840,IN-0011,annual_leave,2024-06-02,2024-06-02,1.0,approved,earned_leave,
EV-00841,IN-0011,annual_leave,2024-07-17,2024-07-17,1.0,approved,earned_leave,
EV-00842,IN-0011,annual_leave,2024-05-07,2024-05-09,3.0,approved,earned_leave,
EV-00843,IN-0011,annual_leave,2024-07-06,2024-07-06,1.0,approved,earned_leave,
EV-00844,IN-0011,annual_leave,2024-12-11,2024-12-11,1.0,approved,earned_leave,
EV-00845,IN-0011,annual_leave,2024-01-10,2024-01-11,2.0,approved,earned_leave,
EV-00846,IN-0011,annual_leave,2024-03-03,2024-03-03,1.0,approved,earned_leave,
EV-00847,IN-0011,special_leave,2024-10-11,2024-10-15,5.0,approved,casual_leave,
EV-00848,IN-0011,sick_leave,2024-08-01,2024-08-08,8.0,approved,sick_leave,
EV-00849,IN-0011,sick_leave,2024-03-11,2024-03-11,1.0,approved,sick_leave,
EV-00850,IN-0011,annual_leave,2025-05-03,2025-05-03,1.0,approved,earned_leave,
EV-00851,IN-0011,annual_leave,2025-11-16,2025-11-18,3.0,approved,earned_leave,
EV-00852,IN-0011,annual_leave,2025-07-19,2025-07-19,1.0,approved,earned_leave,
EV-00853,IN-0011,annual_leave,2025-05-19,2025-05-24,6.0,approved,earned_leave,
EV-00854,IN-0011,annual_leave,2025-04-05,2025-04-05,1.0,approved,earned_leave,
EV-00855,IN-0011,special_leave,2025-01-02,2025-01-03,2.0,approved,casual_leave,
EV-00856,IN-0011,special_leave,2025-05-04,2025-05-04,1.0,approved,casual_leave,
EV-00857,IN-0011,special_leave,2025-06-18,2025-06-18,1.0,approved,casual_leave,
EV-00858,IN-0011,special_leave,2025-10-01,2025-10-04,4.0,approved,casual_leave,
EV-00859,IN-0011,sick_leave,2025-12-11,2025-12-13,3.0,approved,sick_leave,
EV-00860,IN-0011,sick_leave,2025-12-19,2025-12-21,3.0,approved,sick_leave,
EV-00861,IN-0011,annual_leave,2026-03-02,2026-03-03,2.0,approved,earned_leave,
EV-00862,IN-0011,annual_leave,2026-02-16,2026-02-16,1.0,approved,earned_leave,
EV-00863,IN-0011,annual_leave,2026-06-08,2026-06-13,6.0,approved,earned_leave,
EV-00864,IN-0011,annual_leave,2026-07-07,2026-07-07,1.0,approved,earned_leave,
EV-00865,IN-0011,special_leave,2026-06-12,2026-06-16,5.0,approved,casual_leave,
EV-00866,IN-0011,special_leave,2026-05-16,2026-05-17,2.0,approved,casual_leave,
EV-00867,IN-0011,sick_leave,2026-08-03,2026-08-04,2.0,approved,sick_leave,
EV-00868,IN-0011,sick_leave,2026-08-01,2026-08-01,1.0,approved,sick_leave,
EV-00869,IN-0011,annual_leave,2026-11-15,2026-11-18,4.0,approved,earned_leave,booked ahead
EV-00870,IN-0012,annual_leave,2024-08-12,2024-08-14,3.0,approved,earned_leave,
EV-00871,IN-0012,annual_leave,2024-08-18,2024-08-18,1.0,approved,earned_leave,
EV-00872,IN-0012,annual_leave,2024-04-19,2024-04-19,1.0,approved,earned_leave,
EV-00873,IN-0012,annual_leave,2024-05-18,2024-05-18,1.0,approved,earned_leave,
EV-00874,IN-0012,annual_leave,2024-08-15,2024-08-15,1.0,approved,earned_leave,
EV-00875,IN-0012,annual_leave,2024-12-12,2024-12-12,1.0,approved,earned_leave,
EV-00876,IN-0012,annual_leave,2024-09-17,2024-09-17,1.0,approved,earned_leave,
EV-00877,IN-0012,special_leave,2024-11-02,2024-11-02,1.0,approved,casual_leave,
EV-00878,IN-0012,special_leave,2024-06-04,2024-06-06,3.0,approved,casual_leave,
EV-00879,IN-0012,special_leave,2024-07-06,2024-07-06,1.0,approved,casual_leave,
EV-00880,IN-0012,sick_leave,2024-08-01,2024-08-02,2.0,approved,sick_leave,
EV-00881,IN-0012,annual_leave,2025-12-05,2025-12-05,1.0,approved,earned_leave,
EV-00882,IN-0012,annual_leave,2025-04-11,2025-04-11,1.0,approved,earned_leave,
EV-00883,IN-0012,annual_leave,2025-04-07,2025-04-09,3.0,approved,earned_leave,
EV-00884,IN-0012,annual_leave,2025-10-11,2025-10-15,5.0,approved,earned_leave,
EV-00885,IN-0012,annual_leave,2025-06-15,2025-06-15,1.0,approved,earned_leave,
EV-00886,IN-0012,annual_leave,2025-03-10,2025-03-11,2.0,approved,earned_leave,
EV-00887,IN-0012,annual_leave,2025-12-04,2025-12-05,2.0,approved,earned_leave,
EV-00888,IN-0012,annual_leave,2025-02-15,2025-02-15,1.0,approved,earned_leave,
EV-00889,IN-0012,special_leave,2025-05-05,2025-05-09,5.0,approved,casual_leave,
EV-00890,IN-0012,special_leave,2025-09-15,2025-09-15,1.0,approved,casual_leave,
EV-00891,IN-0012,sick_leave,2025-05-18,2025-05-22,5.0,approved,sick_leave,
EV-00892,IN-0012,annual_leave,2026-08-16,2026-08-20,5.0,approved,earned_leave,
EV-00893,IN-0012,annual_leave,2026-07-12,2026-07-13,2.0,approved,earned_leave,
EV-00894,IN-0012,special_leave,2026-03-13,2026-03-17,5.0,approved,casual_leave,
EV-00895,IN-0012,special_leave,2026-03-02,2026-03-02,1.0,approved,casual_leave,
EV-00896,IN-0012,special_leave,2026-04-12,2026-04-12,1.0,approved,casual_leave,
EV-00897,IN-0012,sick_leave,2026-04-10,2026-04-10,1.0,approved,sick_leave,
EV-00898,IN-0012,sick_leave,2026-08-13,2026-08-13,1.0,approved,sick_leave,
EV-00899,IN-0012,sick_leave,2026-02-06,2026-02-06,1.0,approved,sick_leave,
EV-00900,IN-0012,sick_leave,2026-01-11,2026-01-11,1.0,approved,sick_leave,
EV-00901,US-0003,annual_leave,2024-10-18,2024-10-19,2.0,approved,pto,
EV-00902,US-0003,annual_leave,2024-01-05,2024-01-11,7.0,approved,pto,
EV-00903,US-0003,annual_leave,2025-12-01,2025-12-03,3.0,approved,pto,
EV-00904,US-0003,annual_leave,2025-09-20,2025-09-20,1.0,approved,pto,
EV-00905,US-0003,annual_leave,2025-07-06,2025-07-06,1.0,approved,pto,
EV-00906,US-0003,annual_leave,2025-02-11,2025-02-11,1.0,approved,pto,
EV-00907,US-0003,annual_leave,2025-03-03,2025-03-03,1.0,approved,pto,
EV-00908,US-0003,annual_leave,2025-09-16,2025-09-16,1.0,approved,pto,
EV-00909,US-0003,annual_leave,2025-09-18,2025-09-18,1.0,approved,pto,
EV-00910,US-0003,annual_leave,2026-03-11,2026-03-11,1.0,approved,pto,
EV-00911,US-0003,annual_leave,2026-05-09,2026-05-09,1.0,approved,pto,
EV-00912,US-0003,annual_leave,2026-01-11,2026-01-11,1.0,approved,pto,
EV-00913,US-0003,annual_leave,2026-07-17,2026-07-20,4.0,approved,pto,
EV-00914,US-0003,annual_leave,2026-02-04,2026-02-04,1.0,approved,pto,
EV-00915,US-0004,annual_leave,2024-08-15,2024-08-15,1.0,approved,pto,
EV-00916,US-0004,annual_leave,2024-07-08,2024-07-08,1.0,approved,pto,
EV-00917,US-0004,annual_leave,2024-12-13,2024-12-15,3.0,approved,pto,
EV-00918,US-0004,annual_leave,2024-10-10,2024-10-11,2.0,approved,pto,
EV-00919,US-0004,annual_leave,2024-05-01,2024-05-04,4.0,approved,pto,
EV-00920,US-0004,annual_leave,2024-06-16,2024-06-16,1.0,approved,pto,
EV-00921,US-0004,annual_leave,2025-03-05,2025-03-07,3.0,approved,pto,
EV-00922,US-0004,annual_leave,2025-01-03,2025-01-07,5.0,approved,pto,
EV-00923,US-0004,annual_leave,2025-10-06,2025-10-06,1.0,approved,pto,
EV-00924,US-0004,annual_leave,2025-03-19,2025-03-19,1.0,approved,pto,
EV-00925,US-0004,annual_leave,2025-10-18,2025-10-18,1.0,approved,pto,
EV-00926,US-0004,annual_leave,2025-12-06,2025-12-07,2.0,approved,pto,
EV-00927,US-0004,annual_leave,2026-07-14,2026-07-14,1.0,approved,pto,
EV-00928,US-0004,annual_leave,2026-06-02,2026-06-07,6.0,approved,pto,
EV-00929,US-0004,annual_leave,2026-04-12,2026-04-12,1.0,approved,pto,
EV-00930,US-0005,annual_leave,2024-11-12,2024-11-13,2.0,approved,pto,
EV-00931,US-0005,annual_leave,2024-01-01,2024-01-01,1.0,approved,pto,
EV-00932,US-0005,annual_leave,2024-09-07,2024-09-08,2.0,approved,pto,
EV-00933,US-0005,annual_leave,2024-03-18,2024-03-25,8.0,approved,pto,
EV-00934,US-0005,annual_leave,2024-12-06,2024-12-06,1.0,approved,pto,
EV-00935,US-0005,annual_leave,2025-10-04,2025-10-04,1.0,approved,pto,
EV-00936,US-0005,annual_leave,2025-01-04,2025-01-05,2.0,approved,pto,
EV-00937,US-0005,annual_leave,2025-12-10,2025-12-14,5.0,approved,pto,
EV-00938,US-0005,annual_leave,2025-04-03,2025-04-03,1.0,approved,pto,
EV-00939,US-0005,annual_leave,2025-07-10,2025-07-10,1.0,approved,pto,
EV-00940,US-0005,annual_leave,2026-06-04,2026-06-08,5.0,approved,pto,
EV-00941,US-0005,annual_leave,2026-08-06,2026-08-06,1.0,approved,pto,
EV-00942,US-0005,annual_leave,2026-10-05,2026-10-08,4.0,approved,pto,booked ahead
EV-00943,US-0006,annual_leave,2024-12-20,2024-12-20,1.0,approved,pto,
EV-00944,US-0006,annual_leave,2024-12-14,2024-12-14,1.0,approved,pto,
EV-00945,US-0006,annual_leave,2025-07-14,2025-07-14,1.0,approved,pto,
EV-00946,US-0006,annual_leave,2025-01-06,2025-01-08,3.0,approved,pto,
EV-00947,US-0006,annual_leave,2025-05-12,2025-05-14,3.0,approved,pto,
EV-00948,US-0006,annual_leave,2025-02-06,2025-02-06,1.0,approved,pto,
EV-00949,US-0006,annual_leave,2025-02-12,2025-02-12,1.0,approved,pto,
EV-00950,US-0006,annual_leave,2026-07-03,2026-07-03,1.0,approved,pto,
EV-00951,US-0006,annual_leave,2026-08-03,2026-08-07,5.0,approved,pto,
EV-00952,US-0006,annual_leave,2026-03-20,2026-03-20,1.0,approved,pto,
EV-00953,US-0007,annual_leave,2024-08-08,2024-08-12,5.0,approved,pto,
EV-00954,US-0007,annual_leave,2024-12-20,2024-12-23,4.0,approved,pto,
EV-00955,US-0007,annual_leave,2025-05-01,2025-05-05,5.0,approved,pto,
EV-00956,US-0007,annual_leave,2025-11-19,2025-11-19,1.0,approved,pto,
EV-00957,US-0007,annual_leave,2025-12-16,2025-12-17,2.0,approved,pto,
EV-00958,US-0007,annual_leave,2025-09-06,2025-09-09,4.0,approved,pto,
EV-00959,US-0007,annual_leave,2025-02-07,2025-02-07,1.0,approved,pto,
EV-00960,US-0007,annual_leave,2026-06-06,2026-06-06,1.0,approved,pto,
EV-00961,US-0007,annual_leave,2026-01-11,2026-01-12,2.0,approved,pto,
EV-00962,US-0007,annual_leave,2026-02-19,2026-02-23,5.0,approved,pto,
EV-00963,US-0007,annual_leave,2026-02-12,2026-02-12,1.0,approved,pto,
EV-00964,US-0008,annual_leave,2024-02-12,2024-02-13,2.0,approved,pto,
EV-00965,US-0008,annual_leave,2024-01-13,2024-01-17,5.0,approved,pto,
EV-00966,US-0008,annual_leave,2024-12-17,2024-12-21,5.0,approved,pto,
EV-00967,US-0008,annual_leave,2024-11-18,2024-11-19,2.0,approved,pto,
EV-00968,US-0008,annual_leave,2025-11-01,2025-11-03,3.0,approved,pto,
EV-00969,US-0008,annual_leave,2025-09-03,2025-09-03,1.0,approved,pto,
EV-00970,US-0008,annual_leave,2025-11-17,2025-11-21,5.0,approved,pto,
EV-00971,US-0008,annual_leave,2025-04-19,2025-04-22,4.0,approved,pto,
EV-00972,US-0008,annual_leave,2025-06-20,2025-06-20,1.0,approved,pto,
EV-00973,US-0008,annual_leave,2026-03-05,2026-03-07,3.0,approved,pto,
EV-00974,US-0008,annual_leave,2026-07-11,2026-07-13,3.0,approved,pto,
EV-00975,US-0008,annual_leave,2026-02-17,2026-02-17,1.0,approved,pto,
EV-00976,US-0008,annual_leave,2026-04-05,2026-04-05,1.0,approved,pto,
EV-00977,US-0008,annual_leave,2026-05-07,2026-05-07,1.0,approved,pto,
EV-00978,US-0009,annual_leave,2024-10-16,2024-10-17,2.0,approved,pto,
EV-00979,US-0009,annual_leave,2024-09-15,2024-09-19,5.0,approved,pto,
EV-00980,US-0009,annual_leave,2024-11-17,2024-11-17,1.0,approved,pto,
EV-00981,US-0009,annual_leave,2024-11-18,2024-11-18,1.0,approved,pto,
EV-00982,US-0009,annual_leave,2024-07-13,2024-07-17,5.0,approved,pto,
EV-00983,US-0009,annual_leave,2025-07-12,2025-07-16,5.0,approved,pto,
EV-00984,US-0009,annual_leave,2025-05-01,2025-05-03,3.0,approved,pto,
EV-00985,US-0009,annual_leave,2025-12-11,2025-12-13,3.0,approved,pto,
EV-00986,US-0009,annual_leave,2025-07-02,2025-07-02,1.0,approved,pto,
EV-00987,US-0009,annual_leave,2025-09-15,2025-09-15,1.0,approved,pto,
EV-00988,US-0009,annual_leave,2025-03-05,2025-03-05,1.0,approved,pto,
EV-00989,US-0009,annual_leave,2026-04-20,2026-04-24,5.0,approved,pto,
EV-00990,US-0009,annual_leave,2026-07-03,2026-07-03,1.0,approved,pto,
EV-00991,US-0009,annual_leave,2026-06-07,2026-06-07,1.0,approved,pto,
EV-00992,US-0009,annual_leave,2026-08-03,2026-08-03,1.0,approved,pto,
EV-00993,US-0009,annual_leave,2026-10-16,2026-10-19,4.0,approved,pto,booked ahead
EV-00994,US-0010,annual_leave,2024-07-13,2024-07-14,2.0,approved,pto,
EV-00995,US-0010,annual_leave,2024-12-12,2024-12-13,2.0,approved,pto,
EV-00996,US-0010,annual_leave,2024-09-13,2024-09-15,3.0,approved,pto,
EV-00997,US-0010,annual_leave,2024-04-20,2024-04-20,1.0,approved,pto,
EV-00998,US-0010,annual_leave,2024-08-16,2024-08-16,1.0,approved,pto,
EV-00999,US-0010,annual_leave,2025-11-19,2025-11-19,1.0,approved,pto,
EV-01000,US-0010,annual_leave,2025-08-12,2025-08-13,2.0,approved,pto,
EV-01001,US-0010,annual_leave,2025-09-14,2025-09-15,2.0,approved,pto,
EV-01002,US-0010,annual_leave,2025-12-08,2025-12-08,1.0,approved,pto,
EV-01003,US-0010,annual_leave,2025-08-12,2025-08-16,5.0,approved,pto,
EV-01004,US-0010,annual_leave,2025-05-05,2025-05-05,1.0,approved,pto,
EV-01005,US-0010,annual_leave,2025-09-20,2025-09-20,1.0,approved,pto,
EV-01006,US-0010,annual_leave,2025-09-17,2025-09-17,1.0,approved,pto,
EV-01007,US-0010,annual_leave,2026-04-06,2026-04-06,1.0,approved,pto,
EV-01008,US-0010,annual_leave,2026-05-02,2026-05-03,2.0,approved,pto,
EV-01009,US-0010,annual_leave,2026-08-10,2026-08-11,2.0,approved,pto,
EV-01010,US-0010,annual_leave,2026-03-11,2026-03-14,4.0,approved,pto,
EV-01011,US-0010,annual_leave,2026-10-05,2026-10-08,4.0,approved,pto,booked ahead
EV-01012,NL-0003,annual_leave,2024-11-04,2024-11-13,10.0,approved,statutory,
EV-01013,NL-0003,annual_leave,2024-04-03,2024-04-07,5.0,approved,statutory,
EV-01014,NL-0003,annual_leave,2024-10-19,2024-10-20,2.0,approved,statutory,
EV-01015,NL-0003,annual_leave,2024-02-05,2024-02-06,2.0,approved,supplementary,
EV-01016,NL-0003,annual_leave,2024-04-04,2024-04-04,1.0,approved,supplementary,
EV-01017,NL-0003,annual_leave,2025-08-19,2025-08-20,2.0,approved,statutory,
EV-01018,NL-0003,annual_leave,2025-02-10,2025-02-10,1.0,approved,statutory,
EV-01019,NL-0003,annual_leave,2025-04-03,2025-04-04,2.0,approved,statutory,
EV-01020,NL-0003,annual_leave,2025-08-11,2025-08-11,1.0,approved,statutory,
EV-01021,NL-0003,annual_leave,2025-01-04,2025-01-13,10.0,approved,statutory,
EV-01022,NL-0003,annual_leave,2025-06-02,2025-06-04,3.0,approved,statutory,
EV-01023,NL-0003,annual_leave,2025-03-05,2025-03-05,1.0,approved,supplementary,
EV-01024,NL-0003,annual_leave,2025-04-13,2025-04-13,1.0,approved,supplementary,
EV-01025,NL-0003,annual_leave,2025-06-01,2025-06-01,1.0,approved,supplementary,
EV-01026,NL-0003,annual_leave,2026-01-06,2026-01-06,1.0,approved,statutory,
EV-01027,NL-0003,annual_leave,2026-08-12,2026-08-12,1.0,approved,statutory,
EV-01028,NL-0003,annual_leave,2026-08-01,2026-08-09,9.0,approved,statutory,
EV-01029,NL-0003,annual_leave,2026-02-07,2026-02-07,1.0,approved,supplementary,
EV-01030,NL-0003,annual_leave,2026-03-04,2026-03-04,1.0,approved,supplementary,
EV-01031,NL-0004,annual_leave,2024-03-14,2024-03-18,5.0,approved,statutory,
EV-01032,NL-0004,annual_leave,2024-01-14,2024-01-16,3.0,approved,statutory,
EV-01033,NL-0004,annual_leave,2024-03-02,2024-03-02,1.0,approved,statutory,
EV-01034,NL-0004,annual_leave,2024-03-01,2024-03-01,1.0,approved,statutory,
EV-01035,NL-0004,annual_leave,2024-04-04,2024-04-08,5.0,approved,statutory,
EV-01036,NL-0004,annual_leave,2024-01-12,2024-01-12,1.0,approved,statutory,
EV-01037,NL-0004,annual_leave,2024-05-08,2024-05-08,1.0,approved,supplementary,
EV-01038,NL-0004,annual_leave,2024-08-20,2024-08-20,1.0,approved,supplementary,
EV-01039,NL-0004,annual_leave,2024-11-08,2024-11-08,1.0,approved,supplementary,
EV-01040,NL-0004,annual_leave,2025-06-20,2025-06-22,3.0,approved,statutory,
EV-01041,NL-0004,annual_leave,2025-01-01,2025-01-10,10.0,approved,statutory,
EV-01042,NL-0004,annual_leave,2025-01-04,2025-01-04,1.0,approved,statutory,
EV-01043,NL-0004,annual_leave,2025-09-14,2025-09-15,2.0,approved,statutory,
EV-01044,NL-0004,annual_leave,2025-08-09,2025-08-11,3.0,approved,supplementary,
EV-01045,NL-0004,annual_leave,2025-04-04,2025-04-04,1.0,approved,supplementary,
EV-01046,NL-0004,annual_leave,2025-06-12,2025-06-12,1.0,approved,supplementary,
EV-01047,NL-0004,annual_leave,2026-08-02,2026-08-04,3.0,approved,statutory,
EV-01048,NL-0004,annual_leave,2026-01-05,2026-01-05,1.0,approved,statutory,
EV-01049,NL-0004,annual_leave,2026-05-18,2026-05-19,2.0,approved,statutory,
EV-01050,NL-0004,annual_leave,2026-07-08,2026-07-11,4.0,approved,statutory,
EV-01051,NL-0004,annual_leave,2026-05-10,2026-05-10,1.0,approved,statutory,
EV-01052,NL-0004,annual_leave,2026-07-20,2026-07-22,3.0,approved,supplementary,
EV-01053,NL-0004,annual_leave,2026-10-15,2026-10-18,4.0,approved,statutory,booked ahead
EV-01054,NL-0005,annual_leave,2024-11-09,2024-11-09,1.0,approved,statutory,
EV-01055,NL-0005,annual_leave,2024-06-14,2024-06-15,2.0,approved,statutory,
EV-01056,NL-0005,annual_leave,2024-08-01,2024-08-10,10.0,approved,statutory,
EV-01057,NL-0005,annual_leave,2024-01-11,2024-01-11,1.0,approved,statutory,
EV-01058,NL-0005,annual_leave,2024-04-14,2024-04-14,1.0,approved,statutory,
EV-01059,NL-0005,annual_leave,2024-07-20,2024-07-22,3.0,approved,supplementary,
EV-01060,NL-0005,annual_leave,2025-08-16,2025-08-16,1.0,approved,statutory,
EV-01061,NL-0005,annual_leave,2025-03-13,2025-03-17,5.0,approved,statutory,
EV-01062,NL-0005,annual_leave,2025-03-03,2025-03-10,8.0,approved,statutory,
EV-01063,NL-0005,annual_leave,2025-07-02,2025-07-02,1.0,approved,statutory,
EV-01064,NL-0005,annual_leave,2025-04-14,2025-04-14,1.0,approved,supplementary,
EV-01065,NL-0005,annual_leave,2025-09-14,2025-09-14,1.0,approved,supplementary,
EV-01066,NL-0005,annual_leave,2025-11-09,2025-11-09,1.0,approved,supplementary,
EV-01067,NL-0005,annual_leave,2026-04-13,2026-04-13,1.0,approved,statutory,
EV-01068,NL-0005,annual_leave,2026-07-13,2026-07-22,10.0,approved,statutory,
EV-01069,NL-0005,annual_leave,2026-01-14,2026-01-14,1.0,approved,statutory,
EV-01070,NL-0005,annual_leave,2026-06-02,2026-06-02,1.0,approved,supplementary,
EV-01071,NL-0005,annual_leave,2026-04-06,2026-04-06,1.0,approved,supplementary,
EV-01072,NL-0005,annual_leave,2026-07-01,2026-07-01,1.0,approved,supplementary,
EV-01073,NL-0005,annual_leave,2026-12-06,2026-12-09,4.0,approved,statutory,booked ahead
EV-01074,NL-0006,annual_leave,2024-02-18,2024-02-19,2.0,approved,statutory,
EV-01075,NL-0006,annual_leave,2024-04-07,2024-04-11,5.0,approved,statutory,
EV-01076,NL-0006,annual_leave,2024-09-03,2024-09-12,10.0,approved,statutory,
EV-01077,NL-0006,annual_leave,2024-07-16,2024-07-16,1.0,approved,statutory,
EV-01078,NL-0006,annual_leave,2024-01-06,2024-01-06,1.0,approved,supplementary,
EV-01079,NL-0006,annual_leave,2024-12-20,2024-12-21,2.0,approved,supplementary,
EV-01080,NL-0006,annual_leave,2024-03-12,2024-03-12,1.0,approved,supplementary,
EV-01081,NL-0006,annual_leave,2025-03-19,2025-03-19,1.0,approved,statutory,
EV-01082,NL-0006,annual_leave,2025-01-07,2025-01-07,1.0,approved,statutory,
EV-01083,NL-0006,annual_leave,2025-01-07,2025-01-08,2.0,approved,statutory,
EV-01084,NL-0006,annual_leave,2025-06-01,2025-06-05,5.0,approved,statutory,
EV-01085,NL-0006,annual_leave,2025-09-01,2025-09-01,1.0,approved,statutory,
EV-01086,NL-0006,annual_leave,2025-07-11,2025-07-11,1.0,approved,statutory,
EV-01087,NL-0006,annual_leave,2025-12-19,2025-12-19,1.0,approved,statutory,
EV-01088,NL-0006,annual_leave,2025-06-04,2025-06-05,2.0,approved,statutory,
EV-01089,NL-0006,annual_leave,2025-01-02,2025-01-02,1.0,approved,statutory,
EV-01090,NL-0006,annual_leave,2025-03-14,2025-03-16,3.0,approved,statutory,
EV-01091,NL-0006,annual_leave,2025-06-11,2025-06-11,1.0,approved,statutory,
EV-01092,NL-0006,annual_leave,2025-01-15,2025-01-17,3.0,approved,supplementary,
EV-01093,NL-0006,annual_leave,2025-12-20,2025-12-20,1.0,approved,supplementary,
EV-01094,NL-0006,annual_leave,2026-05-08,2026-05-12,5.0,approved,statutory,
EV-01095,NL-0006,annual_leave,2026-02-14,2026-02-18,5.0,approved,statutory,
EV-01096,NL-0006,annual_leave,2026-04-03,2026-04-03,1.0,approved,statutory,
EV-01097,NL-0006,annual_leave,2026-01-16,2026-01-16,1.0,approved,supplementary,
EV-01098,NL-0006,annual_leave,2026-04-16,2026-04-16,1.0,approved,supplementary,
EV-01099,NL-0006,annual_leave,2026-05-15,2026-05-15,1.0,approved,supplementary,
EV-01100,DE-0003,annual_leave,2024-01-13,2024-01-14,2.0,approved,statutory,
EV-01101,DE-0003,annual_leave,2024-10-01,2024-10-05,5.0,approved,statutory,
EV-01102,DE-0003,annual_leave,2024-02-02,2024-02-04,3.0,approved,statutory,
EV-01103,DE-0003,annual_leave,2024-05-14,2024-05-22,9.0,approved,statutory,
EV-01104,DE-0003,annual_leave,2024-03-18,2024-03-18,1.0,approved,statutory,
EV-01105,DE-0003,annual_leave,2024-06-14,2024-06-18,5.0,approved,contractual,
EV-01106,DE-0003,annual_leave,2024-10-04,2024-10-04,1.0,approved,contractual,
EV-01107,DE-0003,annual_leave,2024-05-15,2024-05-15,1.0,approved,contractual,
EV-01108,DE-0003,annual_leave,2025-06-14,2025-06-16,3.0,approved,statutory,
EV-01109,DE-0003,annual_leave,2025-10-16,2025-10-16,1.0,approved,statutory,
EV-01110,DE-0003,annual_leave,2025-01-14,2025-01-18,5.0,approved,statutory,
EV-01111,DE-0003,annual_leave,2025-04-09,2025-04-10,2.0,approved,statutory,
EV-01112,DE-0003,annual_leave,2025-07-18,2025-07-20,3.0,approved,statutory,
EV-01113,DE-0003,annual_leave,2025-09-13,2025-09-14,2.0,approved,statutory,
EV-01114,DE-0003,annual_leave,2025-11-18,2025-11-19,2.0,approved,statutory,
EV-01115,DE-0003,annual_leave,2025-11-01,2025-11-01,1.0,approved,statutory,
EV-01116,DE-0003,annual_leave,2025-07-11,2025-07-11,1.0,approved,contractual,
EV-01117,DE-0003,annual_leave,2025-05-19,2025-05-20,2.0,approved,contractual,
EV-01118,DE-0003,annual_leave,2025-06-01,2025-06-02,2.0,approved,contractual,
EV-01119,DE-0003,annual_leave,2025-04-09,2025-04-09,1.0,approved,contractual,
EV-01120,DE-0003,annual_leave,2025-07-04,2025-07-04,1.0,approved,contractual,
EV-01121,DE-0003,annual_leave,2026-07-01,2026-07-01,1.0,approved,statutory,
EV-01122,DE-0003,annual_leave,2026-03-06,2026-03-10,5.0,approved,statutory,
EV-01123,DE-0003,annual_leave,2026-07-09,2026-07-09,1.0,approved,statutory,
EV-01124,DE-0003,annual_leave,2026-02-18,2026-02-18,1.0,approved,statutory,
EV-01125,DE-0003,annual_leave,2026-02-04,2026-02-05,2.0,approved,statutory,
EV-01126,DE-0003,annual_leave,2026-02-01,2026-02-01,1.0,approved,statutory,
EV-01127,DE-0003,annual_leave,2026-01-16,2026-01-16,1.0,approved,statutory,
EV-01128,DE-0003,annual_leave,2026-01-11,2026-01-13,3.0,approved,contractual,
EV-01129,DE-0004,annual_leave,2024-03-16,2024-03-17,2.0,approved,statutory,
EV-01130,DE-0004,annual_leave,2024-12-13,2024-12-13,1.0,approved,statutory,
EV-01131,DE-0004,annual_leave,2024-05-07,2024-05-08,2.0,approved,statutory,
EV-01132,DE-0004,annual_leave,2024-06-17,2024-06-18,2.0,approved,statutory,
EV-01133,DE-0004,annual_leave,2024-11-06,2024-11-07,2.0,approved,statutory,
EV-01134,DE-0004,annual_leave,2024-03-19,2024-03-23,5.0,approved,statutory,
EV-01135,DE-0004,annual_leave,2024-10-13,2024-10-13,1.0,approved,statutory,
EV-01136,DE-0004,annual_leave,2024-10-16,2024-10-19,4.0,approved,contractual,
EV-01137,DE-0004,annual_leave,2024-07-07,2024-07-07,1.0,approved,contractual,
EV-01138,DE-0004,annual_leave,2025-07-17,2025-07-17,1.0,approved,statutory,
EV-01139,DE-0004,annual_leave,2025-12-05,2025-12-09,5.0,approved,statutory,
EV-01140,DE-0004,annual_leave,2025-08-09,2025-08-17,9.0,approved,statutory,
EV-01141,DE-0004,annual_leave,2025-09-06,2025-09-06,1.0,approved,statutory,
EV-01142,DE-0004,annual_leave,2025-03-01,2025-03-01,1.0,approved,contractual,
EV-01143,DE-0004,annual_leave,2025-08-19,2025-08-22,4.0,approved,contractual,
EV-01144,DE-0004,annual_leave,2026-05-08,2026-05-10,3.0,approved,statutory,
EV-01145,DE-0004,annual_leave,2026-08-01,2026-08-01,1.0,approved,statutory,
EV-01146,DE-0004,annual_leave,2026-05-06,2026-05-10,5.0,approved,statutory,
EV-01147,DE-0004,annual_leave,2026-01-14,2026-01-16,3.0,approved,statutory,
EV-01148,DE-0004,annual_leave,2026-07-10,2026-07-12,3.0,approved,contractual,
EV-01149,DE-0004,annual_leave,2026-04-15,2026-04-15,1.0,approved,contractual,
EV-01150,DE-0004,annual_leave,2026-12-08,2026-12-11,4.0,approved,statutory,booked ahead
EV-01151,DE-0005,annual_leave,2024-11-04,2024-11-04,1.0,approved,statutory,
EV-01152,DE-0005,annual_leave,2024-10-17,2024-10-17,1.0,approved,statutory,
EV-01153,DE-0005,annual_leave,2024-10-11,2024-10-13,3.0,approved,statutory,
EV-01154,DE-0005,annual_leave,2024-11-14,2024-11-18,5.0,approved,statutory,
EV-01155,DE-0005,annual_leave,2024-10-05,2024-10-09,5.0,approved,statutory,
EV-01156,DE-0005,annual_leave,2024-02-09,2024-02-10,2.0,approved,statutory,
EV-01157,DE-0005,annual_leave,2024-09-15,2024-09-15,1.0,approved,contractual,
EV-01158,DE-0005,annual_leave,2024-04-07,2024-04-07,1.0,approved,contractual,
EV-01159,DE-0005,annual_leave,2024-01-19,2024-01-20,2.0,approved,contractual,
EV-01160,DE-0005,annual_leave,2024-09-09,2024-09-09,1.0,approved,contractual,
EV-01161,DE-0005,annual_leave,2025-02-20,2025-02-24,5.0,approved,statutory,
EV-01162,DE-0005,annual_leave,2025-07-15,2025-07-15,1.0,approved,statutory,
EV-01163,DE-0005,annual_leave,2025-01-19,2025-01-19,1.0,approved,statutory,
EV-01164,DE-0005,annual_leave,2025-07-14,2025-07-18,5.0,approved,statutory,
EV-01165,DE-0005,annual_leave,2025-10-13,2025-10-13,1.0,approved,statutory,
EV-01166,DE-0005,annual_leave,2025-06-07,2025-06-07,1.0,approved,statutory,
EV-01167,DE-0005,annual_leave,2025-01-04,2025-01-04,1.0,approved,statutory,
EV-01168,DE-0005,annual_leave,2025-01-07,2025-01-07,1.0,approved,statutory,
EV-01169,DE-0005,annual_leave,2025-04-05,2025-04-06,2.0,approved,contractual,
EV-01170,DE-0005,annual_leave,2025-02-12,2025-02-12,1.0,approved,contractual,
EV-01171,DE-0005,annual_leave,2025-12-07,2025-12-07,1.0,approved,contractual,
EV-01172,DE-0005,annual_leave,2026-04-20,2026-04-24,5.0,approved,statutory,
EV-01173,DE-0005,annual_leave,2026-03-11,2026-03-15,5.0,approved,statutory,
EV-01174,DE-0005,annual_leave,2026-07-16,2026-07-16,1.0,approved,statutory,
EV-01175,DE-0005,annual_leave,2026-04-07,2026-04-07,1.0,approved,statutory,
EV-01176,DE-0005,annual_leave,2026-02-14,2026-02-14,1.0,approved,statutory,
EV-01177,DE-0005,annual_leave,2026-08-04,2026-08-07,4.0,approved,contractual,
EV-01178,DE-0005,annual_leave,2026-01-19,2026-01-19,1.0,approved,contractual,
EV-01179,DE-0005,annual_leave,2026-10-08,2026-10-11,4.0,approved,statutory,booked ahead
EV-01180,IE-0003,annual_leave,2024-05-20,2024-05-20,1.0,approved,annual_leave,
EV-01181,IE-0003,annual_leave,2024-10-16,2024-10-16,1.0,approved,annual_leave,
EV-01182,IE-0003,annual_leave,2024-10-15,2024-10-19,5.0,approved,annual_leave,
EV-01183,IE-0003,annual_leave,2024-03-04,2024-03-13,10.0,approved,annual_leave,
EV-01184,IE-0003,annual_leave,2024-04-20,2024-04-21,2.0,approved,annual_leave,
EV-01185,IE-0003,annual_leave,2025-07-11,2025-07-11,1.0,approved,annual_leave,
EV-01186,IE-0003,annual_leave,2025-12-11,2025-12-13,3.0,approved,annual_leave,
EV-01187,IE-0003,annual_leave,2025-11-10,2025-11-14,5.0,approved,annual_leave,
EV-01188,IE-0003,annual_leave,2025-11-03,2025-11-07,5.0,approved,annual_leave,
EV-01189,IE-0003,annual_leave,2026-04-06,2026-04-10,5.0,approved,annual_leave,
EV-01190,IE-0003,annual_leave,2026-03-02,2026-03-04,3.0,approved,annual_leave,
EV-01191,IE-0003,annual_leave,2026-07-13,2026-07-13,1.0,approved,annual_leave,
EV-01192,IE-0003,annual_leave,2026-07-20,2026-07-20,1.0,approved,annual_leave,
EV-01193,IE-0004,annual_leave,2024-06-05,2024-06-09,5.0,approved,annual_leave,
EV-01194,IE-0004,annual_leave,2024-04-08,2024-04-15,8.0,approved,annual_leave,
EV-01195,IE-0004,annual_leave,2024-03-14,2024-03-14,1.0,approved,annual_leave,
EV-01196,IE-0004,annual_leave,2025-12-07,2025-12-09,3.0,approved,annual_leave,
EV-01197,IE-0004,annual_leave,2025-03-03,2025-03-04,2.0,approved,annual_leave,
EV-01198,IE-0004,annual_leave,2025-03-11,2025-03-11,1.0,approved,annual_leave,
EV-01199,IE-0004,annual_leave,2025-10-02,2025-10-03,2.0,approved,annual_leave,
EV-01200,IE-0004,annual_leave,2025-06-02,2025-06-02,1.0,approved,annual_leave,
EV-01201,IE-0004,annual_leave,2025-04-02,2025-04-04,3.0,approved,annual_leave,
EV-01202,IE-0004,annual_leave,2025-12-08,2025-12-08,1.0,approved,annual_leave,
EV-01203,IE-0004,annual_leave,2025-04-13,2025-04-13,1.0,approved,annual_leave,
EV-01204,IE-0004,annual_leave,2025-12-02,2025-12-02,1.0,approved,annual_leave,
EV-01205,IE-0004,annual_leave,2026-08-06,2026-08-13,8.0,approved,annual_leave,
EV-01206,IE-0004,annual_leave,2026-06-14,2026-06-14,1.0,approved,annual_leave,
EV-01207,IE-0005,annual_leave,2024-05-11,2024-05-20,10.0,approved,annual_leave,
EV-01208,IE-0005,annual_leave,2024-04-04,2024-04-05,2.0,approved,annual_leave,
EV-01209,IE-0005,annual_leave,2024-02-09,2024-02-11,3.0,approved,annual_leave,
EV-01210,IE-0005,annual_leave,2024-02-06,2024-02-06,1.0,approved,annual_leave,
EV-01211,IE-0005,annual_leave,2024-08-01,2024-08-01,1.0,approved,annual_leave,
EV-01212,IE-0005,annual_leave,2025-03-12,2025-03-12,1.0,approved,annual_leave,
EV-01213,IE-0005,annual_leave,2025-04-19,2025-04-23,5.0,approved,annual_leave,
EV-01214,IE-0005,annual_leave,2025-09-03,2025-09-05,3.0,approved,annual_leave,
EV-01215,IE-0005,annual_leave,2025-03-18,2025-03-19,2.0,approved,annual_leave,
EV-01216,IE-0005,annual_leave,2025-05-16,2025-05-16,1.0,approved,annual_leave,
EV-01217,IE-0005,annual_leave,2025-08-10,2025-08-14,5.0,approved,annual_leave,
EV-01218,IE-0005,annual_leave,2026-08-11,2026-08-19,9.0,approved,annual_leave,
EV-01219,PL-0004,sick_leave,2026-02-02,2026-03-20,35.0,approved,,long sickness spell
EV-01220,PL-0001,sick_leave,2026-02-02,2026-03-20,35.0,approved,,long sickness spell
